error_type,reason,page,table,row,side,code,description,pack,uom,price,raw_text,category
parse_error,Missing code or description,1,0,1,left,URBAN ROOTS,,,,,URBAN ROOTS |  |  |  | ,
parse_error,Missing code or description,1,0,1,right,URBAN ROOTS,,,,,URBAN ROOTS |  |  |  | ,
parse_error,Missing code or description,1,0,16,left,WEEKLY HIGHLIGHTS - VEGGIES,,,,,WEEKLY HIGHLIGHTS - VEGGIES |  |  |  | ,
parse_error,Missing code or description,1,0,16,right,WEEKLY HIGHLIGHTS - FRUIT,,,,,WEEKLY HIGHLIGHTS - FRUIT |  |  |  | ,
parse_error,Missing code or description,1,0,36,left,CONVENTIONAL APPLES,,,,,CONVENTIONAL APPLES |  |  |  | ,
parse_error,Missing code or description,1,0,36,right,CONVENTIONAL LETTUCE & SALADS,,,,,CONVENTIONAL LETTUCE & SALADS |  |  |  | ,
parse_error,Invalid SKU format: A,1,0,37,right,A,ARUGULA 24 BUNCHED,24 CT,CTN,$ 2 9.50,A | ARUGULA 24 BUNCHED | 24 CT | CTN | $ 2 9.50,
parse_error,Missing code or description,1,0,73,left,CONVENTIONAL ARTICHOKES,,,,,CONVENTIONAL ARTICHOKES |  |  |  | ,
parse_error,Missing code or description,1,0,77,right,CONVENTIONAL MANGOS,,,,,CONVENTIONAL MANGOS |  |  |  | ,
parse_error,Cannot parse price: #N/A,1,0,79,right,FRU13D2,MANGO CHUNKS NO LABEL 6X16 OZ,16 OZ,CTN,#N/A,FRU13D2 | MANGO CHUNKS NO LABEL 6X16 OZ | 16 OZ | CTN | #N/A,
parse_error,Missing code or description,1,0,84,right,CONVENTIONAL MELONS,,,,,CONVENTIONAL MELONS |  |  |  | ,
parse_error,Missing code or description,1,0,86,left,CONVENTIONAL ASPARAGUS,,,,,CONVENTIONAL ASPARAGUS |  |  |  | ,
parse_error,Missing code or description,1,0,95,left,CONVENTIONAL AVOCADOS,,,,,CONVENTIONAL AVOCADOS |  |  |  | ,
parse_error,Missing code or description,1,0,98,right,CONVENTIONAL MUSHROOMS,,,,,CONVENTIONAL MUSHROOMS |  |  |  | ,
parse_error,Missing code or description,1,0,106,left,CONVENTIONAL BANANAS & PLANTAINS,,,,,CONVENTIONAL BANANAS & PLANTAINS |  |  |  | ,
parse_error,Missing code or description,1,0,119,left,CONVENTIONAL BEANS & PEAS,,,,,CONVENTIONAL BEANS & PEAS |  |  |  | ,
parse_error,Missing code or description,1,0,126,right,CONVENTIONAL ONIONS & GARLIC,,,,,CONVENTIONAL ONIONS & GARLIC |  |  |  | ,
parse_error,Missing code or description,2,0,8,left,CONVENTIONAL BERRIES,,,,,CONVENTIONAL BERRIES |  |  |  | ,
parse_error,Missing code or description,2,0,11,right,CONVENTIONAL PEARS,,,,,CONVENTIONAL PEARS |  |  |  | ,
parse_error,Cannot parse price: #N/A,2,0,18,right,PR6A,PEARS FORELLE 1/2 CTN,20 LB,CTN,#N/A,PR6A | PEARS FORELLE 1/2 CTN | 20 LB | CTN | #N/A,
parse_error,Missing code or description,2,0,20,right,CONVENTIONAL PEPPERS,,,,,CONVENTIONAL PEPPERS |  |  |  | ,
parse_error,Missing code or description,2,0,35,left,CONVENTIONAL BROCCOLI,,,,,CONVENTIONAL BROCCOLI |  |  |  | ,
parse_error,Missing code or description,2,0,46,right,CONVENTIONAL PINEAPPLE,,,,,CONVENTIONAL PINEAPPLE |  |  |  | ,
parse_error,Missing code or description,2,0,51,left,CONVENTIONAL BRUSSLES SPROUTS,,,,,CONVENTIONAL BRUSSLES SPROUTS |  |  |  | ,
parse_error,Missing code or description,2,0,57,right,CONVENTIONAL POTATOES,,,,,CONVENTIONAL POTATOES |  |  |  | ,
parse_error,Missing code or description,2,0,59,left,CONVENTIONAL CABBAGE,,,,,CONVENTIONAL CABBAGE |  |  |  | ,
parse_error,Missing code or description,2,0,72,left,CONVENTIONAL CARROTS,,,,,CONVENTIONAL CARROTS |  |  |  | ,
parse_error,Missing code or description,2,0,85,left,CONVENTIONAL CAULIFLOWER,,,,,CONVENTIONAL CAULIFLOWER |  |  |  | ,
parse_error,Missing code or description,2,0,87,right,CONVENTIONAL RADDISHES,,,,,CONVENTIONAL RADDISHES |  |  |  | ,
parse_error,Missing code or description,2,0,93,right,CONVENTIONAL ROOT VEGETABLES,,,,,CONVENTIONAL ROOT VEGETABLES |  |  |  | ,
parse_error,Missing code or description,2,0,96,left,CONVENTIONAL CELERY,,,,,CONVENTIONAL CELERY |  |  |  | ,
parse_error,Missing code or description,2,0,101,left,CONVENTIONAL CHICORIES,,,,,CONVENTIONAL CHICORIES |  |  |  | ,
parse_error,Invalid SKU format: H,2,0,104,right,H,HORSERADISH 5 LB,5 LB,EACH,$ 2 7.25,H | HORSERADISH 5 LB | 5 LB | EACH | $ 2 7.25,
parse_error,Invalid SKU format: J,2,0,105,right,J,JICAMA 20 LB,20 LB,CTN,$ 3 6.00,J | JICAMA 20 LB | 20 LB | CTN | $ 3 6.00,
parse_error,Missing code or description,2,0,110,right,CONVENTIONAL STONE FRUIT,,,,,CONVENTIONAL STONE FRUIT |  |  |  | ,
parse_error,Cannot parse price: #N/A,2,0,112,right,APCOT0,APRICOTS 2 LAYERS,20LBS,CTN,#N/A,APCOT0 | APRICOTS 2 LAYERS | 20LBS | CTN | #N/A,
parse_error,Cannot parse price: #N/A,2,0,115,right,PCH90,DONUT PEACHES 2 LAYERS,20 LBS,CTN,#N/A,PCH90 | DONUT PEACHES 2 LAYERS | 20 LBS | CTN | #N/A,
parse_error,Invalid SKU format: R,2,0,116,left,R,RADICCHIO 9 CT,9 CT,CTN,$ 1 9.50,R | RADICCHIO 9 CT | 9 CT | CTN | $ 1 9.50,
parse_error,Missing code or description,2,0,121,right,CONVENTIONAL SQUASH & ZUCCHINI,,,,,CONVENTIONAL SQUASH & ZUCCHINI |  |  |  | ,
parse_error,Cannot parse price: #N/A,2,0,125,left,R8D,J.MARCHINI FARMS ROSA CHICORY MIX,12 CT,CTN,#N/A,R8D | J.MARCHINI FARMS ROSA CHICORY MIX | 12 CT | CTN | #N/A,
parse_error,Missing code or description,2,0,127,left,CONVENTIONAL CITRUS,,,,,CONVENTIONAL CITRUS |  |  |  | ,
parse_error,Invalid SKU format: L,2,0,135,left,L,LEMONS CHOICE 165 CT,165 CT,CTN,$ 3 4.75,L | LEMONS CHOICE 165 CT | 165 CT | CTN | $ 3 4.75,
parse_error,Missing code or description,2,0,135,right,CONVENTIONAL TOMATOS,,,,,CONVENTIONAL TOMATOS |  |  |  | ,
parse_error,Missing code or description,3,0,12,left,L2B1,,12 X 2 LBS,CTN,$ 5 1.50,L2B1 |  | 12 X 2 LBS | CTN | $ 5 1.50,
parse_error,Missing code or description,3,0,19,left,OR6AAC,,3 LB,CTN,$ 5 1.75,OR6AAC |  | 3 LB | CTN | $ 5 1.75,
parse_error,Missing code or description,3,0,20,left,OR6AAD,,15 X 2 LBS,CTN,$ 7 7.75,OR6AAD |  | 15 X 2 LBS | CTN | $ 7 7.75,
parse_error,Missing code or description,3,0,21,left,OR6AAE,,4 X 5 LBS,CTN,$ 4 6.00,OR6AAE |  | 4 X 5 LBS | CTN | $ 4 6.00,
parse_error,Missing code or description,3,0,22,left,OR6AAR,,64-72 CT,CTN,$ 7 4.75,OR6AAR |  | 64-72 CT | CTN | $ 7 4.75,
parse_error,Cannot parse price: #N/A,3,0,29,left,OR902M,SANGUINELLI BLOOD ORANGES 25LBS,25LBS,CTN,#N/A,OR902M | SANGUINELLI BLOOD ORANGES 25LBS | 25LBS | CTN | #N/A,
parse_error,Missing code or description,3,0,30,right,CONVENTIONAL TROPICAL & SPECIALTY,,,,,CONVENTIONAL TROPICAL & SPECIALTY |  |  |  | ,
parse_error,Missing code or description,3,0,36,left,CONVENTIONAL CORN,,,,,CONVENTIONAL CORN |  |  |  | ,
parse_error,Missing code or description,3,0,42,left,CONVENTIONAL CUCUMBERS,,,,,CONVENTIONAL CUCUMBERS |  |  |  | ,
parse_error,Invalid SKU format: K,3,0,44,right,K,KIWI 1 LYR,36 CT,CTN,$ 2 1.25,K | KIWI 1 LYR | 36 CT | CTN | $ 2 1.25,
parse_error,Cannot parse price: #N/A,3,0,47,right,LY1,RAMBUTAN 5 LB,5 LB,CTN,#N/A,LY1 | RAMBUTAN 5 LB | 5 LB | CTN | #N/A,
parse_error,Missing code or description,3,0,54,left,CONVENTIONAL EGGPLANT,,,,,CONVENTIONAL EGGPLANT |  |  |  | ,
parse_error,Missing code or description,3,0,59,left,CONVENTIONAL FENNEL,,,,,CONVENTIONAL FENNEL |  |  |  | ,
parse_error,Missing code or description,3,0,61,left,CONVENTIONAL FIGS,,,,,CONVENTIONAL FIGS |  |  |  | ,
parse_error,Missing code or description,3,0,62,left,CONVENTIONAL FRESH HERBS,,,,,CONVENTIONAL FRESH HERBS |  |  |  | ,
parse_error,Missing code or description,3,0,79,left,CONVENTIONAL FRESH JUICE,,,,,CONVENTIONAL FRESH JUICE |  |  |  | ,
parse_error,Missing code or description,3,0,127,left,CONVENTIONAL GINGER,,,,,CONVENTIONAL GINGER |  |  |  | ,
parse_error,Missing code or description,3,0,129,left,CONVENTIONAL GRAPES,,,,,CONVENTIONAL GRAPES |  |  |  | ,
parse_error,Missing code or description,3,0,135,left,CONVENTIONAL LEAFY GREENS,,,,,CONVENTIONAL LEAFY GREENS |  |  |  | ,
parse_error,Invalid SKU format: W,4,0,4,left,W,WATERCRESS FRESH BUNCHED 24 CT B&W,24 CT,CTN,$ 3 5.25,W | WATERCRESS FRESH BUNCHED 24 CT B&W | 24 CT | CTN | $ 3 5.25,
parse_error,Missing code or description,4,0,6,left,CONVENTIONAL LEEKS,,,,,CONVENTIONAL LEEKS |  |  |  | ,
parse_error,Missing code or description,5,0,1,left,URBAN ROOTS,,,,,URBAN ROOTS |  |  |  | ,
parse_error,Missing code or description,5,0,1,right,URBAN ROOTS,,,,,URBAN ROOTS |  |  |  | ,
parse_error,Missing code or description,5,0,9,left,ORGANIC HIGHLIGHTS BERRIES & OTHER FRUIT,,,,,ORGANIC HIGHLIGHTS BERRIES & OTHER FRUIT |  |  |  | ,
parse_error,Missing code or description,5,0,9,right,ORGANIC HIGHLIGHTS VEGETABLES,,,,,ORGANIC HIGHLIGHTS VEGETABLES |  |  |  | ,
parse_error,Invalid SKU format: zgr4,5,0,24,left,zgr4,GRAPEFRUIT 48 CT ORG,48 CT,CTN,$ 4 8.75,zgr4 | GRAPEFRUIT 48 CT ORG | 48 CT | CTN | $ 4 8.75,
parse_error,Missing code or description,5,0,26,left,ORGANIC APPLES,,,,,ORGANIC APPLES |  |  |  | ,
parse_error,Missing code or description,5,0,26,right,ORGANIC LETTUCE & SALADS,,,,,ORGANIC LETTUCE & SALADS |  |  |  | ,
parse_error,Missing code or description,5,0,38,left,ORGANIC ARTICHOKES,,,,,ORGANIC ARTICHOKES |  |  |  | ,
parse_error,Missing code or description,5,0,40,left,ORGANIC ASPARAGUS,,,,,ORGANIC ASPARAGUS |  |  |  | ,
parse_error,Missing code or description,5,0,42,left,ORGANIC AVOCADOS,,,,,ORGANIC AVOCADOS |  |  |  | ,
parse_error,Missing code or description,5,0,47,left,ORGANIC BANANAS & PLANTAINS,,,,,ORGANIC BANANAS & PLANTAINS |  |  |  | ,
parse_error,Missing code or description,5,0,49,left,ORGANIC BEANS & PEAS,,,,,ORGANIC BEANS & PEAS |  |  |  | ,
parse_error,Missing code or description,5,0,53,left,ORGANIC BERRIES,,,,,ORGANIC BERRIES |  |  |  | ,
parse_error,Cannot parse price: #N/A,5,0,54,left,ZBE1CG,STRAWBERRIES 8X1 LB CALIFORNIA GIANT ORG,1 LB,CTN,#N/A,ZBE1CG | STRAWBERRIES 8X1 LB CALIFORNIA GIANT ORG | 1 LB | CTN | #N/A,
parse_error,Missing code or description,5,0,54,right,ORGANIC MELONS,,,,,ORGANIC MELONS |  |  |  | ,
parse_error,Missing code or description,5,0,56,right,ORGANIC MUSHROOMS,,,,,ORGANIC MUSHROOMS |  |  |  | ,
parse_error,Cannot parse price: #N/A,5,0,57,left,ZBE3CG,BLUEBERRIES 12X6 OZ CALIFORNIA GIANT ORG,6 OZ,CTN,#N/A,ZBE3CG | BLUEBERRIES 12X6 OZ CALIFORNIA GIANT ORG | 6 OZ | CTN | #N/A,
parse_error,Missing code or description,5,0,60,left,ORGANIC BROCCOLI,,,,,ORGANIC BROCCOLI |  |  |  | ,
parse_error,Missing code or description,5,0,66,left,ORGANIC BRUSSLES SPROUTS,,,,,ORGANIC BRUSSLES SPROUTS |  |  |  | ,
parse_error,Missing code or description,5,0,69,left,ORGANIC CABBAGE,,,,,ORGANIC CABBAGE |  |  |  | ,
parse_error,Cannot parse price: #N/A,5,0,69,right,ZMU933R,MUSH ENOKI 3.5 OZ CANADIAN ORG,3.5 OZ,EACH,#N/A,ZMU933R | MUSH ENOKI 3.5 OZ CANADIAN ORG | 3.5 OZ | EACH | #N/A,
parse_error,Cannot parse price: #N/A,5,0,70,right,ZMU93A,MUSH ENOKI 24X3.5 OZ ORG,3.5 OZ,CTN,#N/A,ZMU93A | MUSH ENOKI 24X3.5 OZ ORG | 3.5 OZ | CTN | #N/A,
parse_error,Missing code or description,5,0,74,right,ORGANIC ONIONS & GARLIC,,,,,ORGANIC ONIONS & GARLIC |  |  |  | ,
parse_error,Missing code or description,5,0,75,left,ORGANIC CARROTS,,,,,ORGANIC CARROTS |  |  |  | ,
parse_error,Missing code or description,5,0,85,right,ORGANIC PEARS,,,,,ORGANIC PEARS |  |  |  | ,
parse_error,Missing code or description,5,0,88,right,ORGANIC PEPPERS,,,,,ORGANIC PEPPERS |  |  |  | ,
parse_error,Missing code or description,5,0,91,left,ORGANIC CAULIFLOWER,,,,,ORGANIC CAULIFLOWER |  |  |  | ,
parse_error,Missing code or description,5,0,92,left,ORGANIC CELERY,,,,,ORGANIC CELERY |  |  |  | ,
parse_error,Missing code or description,5,0,95,left,ORGANIC CHICORIES,,,,,ORGANIC CHICORIES |  |  |  | ,
parse_error,Missing code or description,5,0,97,left,ORGANIC CITRUS,,,,,ORGANIC CITRUS |  |  |  | ,
parse_error,Cannot parse price: #N/A,5,0,98,left,ZGR3,GRAPEFRUIT 36 CT ORG,36 CT,CTN,#N/A,ZGR3 | GRAPEFRUIT 36 CT ORG | 36 CT | CTN | #N/A,
parse_error,Missing code or description,5,0,98,right,ORGANIC PINEAPPLE,,,,,ORGANIC PINEAPPLE |  |  |  | ,
parse_error,Missing code or description,5,0,101,right,ORGANIC POTATOES,,,,,ORGANIC POTATOES |  |  |  | ,
parse_error,Missing code or description,5,0,109,left,ORGANIC CUCUMBERS,,,,,ORGANIC CUCUMBERS |  |  |  | ,
parse_error,Missing code or description,6,0,6,left,ORGANIC EGGPLANT,,,,,ORGANIC EGGPLANT |  |  |  | ,
parse_error,Missing code or description,6,0,8,left,ORGANIC FENNEL,,,,,ORGANIC FENNEL |  |  |  | ,
parse_error,Missing code or description,6,0,10,left,ORGANIC FRESH HERBS,,,,,ORGANIC FRESH HERBS |  |  |  | ,
parse_error,Missing code or description,6,0,11,right,ORGANIC RADDISHES,,,,,ORGANIC RADDISHES |  |  |  | ,
parse_error,Missing code or description,6,0,21,right,ORGANIC ROOT VEGETABLES,,,,,ORGANIC ROOT VEGETABLES |  |  |  | ,
parse_error,Missing code or description,6,0,27,right,ORGANIC SQUASH & ZUCCHINI,,,,,ORGANIC SQUASH & ZUCCHINI |  |  |  | ,
parse_error,Missing code or description,6,0,33,left,ORGANIC FRESH & COLD PRESSED JUICE,,,,,ORGANIC FRESH & COLD PRESSED JUICE |  |  |  | ,
parse_error,Missing code or description,6,0,33,right,ORGANIC TOMATOS,,,,,ORGANIC TOMATOS |  |  |  | ,
parse_error,Cannot parse price: #N/A,6,0,35,left,JU18H,JUICE ORANGE 6X16 OZ ORCHID ISLAND ORG,16 OZ,CTN,#N/A,JU18H | JUICE ORANGE 6X16 OZ ORCHID ISLAND ORG | 16 OZ | CTN | #N/A,
parse_error,Missing code or description,6,0,44,right,ORGANIC TROPICAL & SPECIALTY,,,,,ORGANIC TROPICAL & SPECIALTY |  |  |  | ,
parse_error,Missing code or description,6,0,46,left,ORGANIC GINGER,,,,,ORGANIC GINGER |  |  |  | ,
parse_error,Missing code or description,6,0,46,right,CAL ORGANIC HIGHLIGHT,,,,,CAL ORGANIC HIGHLIGHT |  |  |  | ,
parse_error,Cannot parse price: #N/A,6,0,47,right,ZBR1,BROCCOLI 14 CT CALO ORG,14 CT,CTN,#N/A,ZBR1 | BROCCOLI 14 CT CALO ORG | 14 CT | CTN | #N/A,
parse_error,Missing code or description,6,0,50,left,ORGANIC GRAPES,,,,,ORGANIC GRAPES |  |  |  | ,
parse_error,Missing code or description,6,0,53,left,ORGANIC LEAFY GREENS,,,,,ORGANIC LEAFY GREENS |  |  |  | ,
parse_error,Missing code or description,6,0,63,left,ORGANIC LEEKS,,,,,ORGANIC LEEKS |  |  |  | ,
skipped_header,,7,0,1,left,Code,RETAIL READY HIGHLIGHTS,Pack Size,Price***,,Code | RETAIL READY HIGHLIGHTS | Pack Size | Price*** | ,
parse_error,Missing code or description,7,0,2,left,,NEW ITEMS,,,, | NEW ITEMS |  |  | ,
parse_error,Cannot parse price: ,7,0,3,left,DAMILKN1EA,MILK WHOLE 1 GAL NEUTRAL FOODS,1 GAL,$ 5 .26,,DAMILKN1EA | MILK WHOLE 1 GAL NEUTRAL FOODS | 1 GAL | $ 5 .26 | ,
parse_error,Cannot parse price: ,7,0,4,left,DAMILKN2EA,MILK SKIM 1 GAL NEUTRAL FOODS,1 GAL,$ 4 .57,,DAMILKN2EA | MILK SKIM 1 GAL NEUTRAL FOODS | 1 GAL | $ 4 .57 | ,
parse_error,Cannot parse price: ,7,0,5,left,DAMILKN3EA,MILK 2% 1 GAL NEUTRAL FOODS,1 GAL,$ 4 .60,,DAMILKN3EA | MILK 2% 1 GAL NEUTRAL FOODS | 1 GAL | $ 4 .60 | ,
parse_error,Cannot parse price: ,7,0,6,left,DAMILKND33,MILK UNSWEETENED HAZELNUT 6X32 OZ ELMHURST LCL,6 x 32 OZ,$ 3 1.21,,DAMILKND33 | MILK UNSWEETENED HAZELNUT 6X32 OZ ELMHURST LCL | 6 x 32 OZ | $ 3 1.21 | ,
parse_error,Missing code or description,7,0,7,left,,SEASONAL APPLE CIDERS & JUICES,,,, | SEASONAL APPLE CIDERS & JUICES |  |  | ,
parse_error,Cannot parse price: ,7,0,8,left,CIDER0,CIDER APPLE 4X1 GAL RED JACKET LCL,4 x 1 GAL,$ 3 1.00,,CIDER0 | CIDER APPLE 4X1 GAL RED JACKET LCL | 4 x 1 GAL | $ 3 1.00 | ,
parse_error,Cannot parse price: ,7,0,9,left,JUICE13,CIDER APPLE 6X12 OZ RED JACKET LCL,6 x 12oz,$ 1 0.50,,JUICE13 | CIDER APPLE 6X12 OZ RED JACKET LCL | 6 x 12oz | $ 1 0.50 | ,
parse_error,Cannot parse price: ,7,0,10,left,JUICE29,JUICE APPLE FUJI 9X1/2 GAL RED JACKET LCL,9 z 1/2 GAL,$ 4 2.00,,JUICE29 | JUICE APPLE FUJI 9X1/2 GAL RED JACKET LCL | 9 z 1/2 GAL | $ 4 2.00 | ,
parse_error,Cannot parse price: ,7,0,11,left,JUICE16,JUICE APPLE FUJI 8X32 OZ RED JACKET LCL,8 x 32oz,$ 2 9.00,,JUICE16 | JUICE APPLE FUJI 8X32 OZ RED JACKET LCL | 8 x 32oz | $ 2 9.00 | ,
parse_error,Cannot parse price: ,7,0,12,left,JUICE9,JUICE APPLE STRAWBERRY 6X12 OZ RED JACKET LCL,6 x 12oz,$ 1 0.50,,JUICE9 | JUICE APPLE STRAWBERRY 6X12 OZ RED JACKET LCL | 6 x 12oz | $ 1 0.50 | ,
skipped_header,,7,0,13,left,Code,Description,Pack Size,Price***,,Code | Description | Pack Size | Price*** | ,
parse_error,Missing code or description,7,0,14,left,ARETHUSA FARM DAIRY,,,,,ARETHUSA FARM DAIRY |  |  |  | ,
parse_error,Cannot parse price: ,7,0,15,left,PABUTAR,Arethusa Farm Dairy - Cultured Butter with Sea Salt,12 X 8 OZ,$ 9 5.66,,PABUTAR | Arethusa Farm Dairy - Cultured Butter with Sea Salt | 12 X 8 OZ | $ 9 5.66 | ,
parse_error,Cannot parse price: ,7,0,16,left,PAMILKAR1,Arethusa Farm Dairy - Whole Milk,9 X 1/2 GAL,$ 4 3.22,,PAMILKAR1 | Arethusa Farm Dairy - Whole Milk | 9 X 1/2 GAL | $ 4 3.22 | ,
parse_error,Cannot parse price: ,7,0,17,left,PAMILKAR2,Arethusa Farm Dairy - 2% Milk,9 X 1/2 GAL,$ 4 3.36,,PAMILKAR2 | Arethusa Farm Dairy - 2% Milk | 9 X 1/2 GAL | $ 4 3.36 | ,
parse_error,Cannot parse price: ,7,0,18,left,PAMILKAR3,Arethusa Farm Dairy - Whole Milk,12 X 16 OZ,$ 2 4.24,,PAMILKAR3 | Arethusa Farm Dairy - Whole Milk | 12 X 16 OZ | $ 2 4.24 | ,
parse_error,Cannot parse price: ,7,0,19,left,PAMILKAR4,Arethusa Farm Dairy - Chocolate Milk,12 X 16 OZ,$ 2 4.76,,PAMILKAR4 | Arethusa Farm Dairy - Chocolate Milk | 12 X 16 OZ | $ 2 4.76 | ,
parse_error,Cannot parse price: ,7,0,20,left,PAMILKAR6,Arethusa Farm Dairy - Sour Cream,6 X 16 OZ,$ 3 3.72,,PAMILKAR6 | Arethusa Farm Dairy - Sour Cream | 6 X 16 OZ | $ 3 3.72 | ,
parse_error,Missing code or description,7,0,21,left,CLOVER FARMS DAIRY,,,,,CLOVER FARMS DAIRY |  |  |  | ,
parse_error,Cannot parse price: ,7,0,22,left,DAMILK11CS,Clover Farms Dairy - Half & Half,12 X 1 QT,$ 3 0.11,,DAMILK11CS | Clover Farms Dairy - Half & Half | 12 X 1 QT | $ 3 0.11 | ,
parse_error,Cannot parse price: ,7,0,23,left,DAMILK1CS,Clover Farms Dairy - Whole Milk,12 X 1 QT,$ 2 3.25,,DAMILK1CS | Clover Farms Dairy - Whole Milk | 12 X 1 QT | $ 2 3.25 | ,
parse_error,Cannot parse price: ,7,0,24,left,DAMILK2AA,Clover Farms Dairy - Whole Milk,9 X 1/2 GAL,$ 2 8.57,,DAMILK2AA | Clover Farms Dairy - Whole Milk | 9 X 1/2 GAL | $ 2 8.57 | ,
parse_error,Cannot parse price: ,7,0,25,left,DAMILK3AA,Clover Farms Dairy - Whole Milk,4 X 1 GAL,$ 1 9.33,,DAMILK3AA | Clover Farms Dairy - Whole Milk | 4 X 1 GAL | $ 1 9.33 | ,
parse_error,Cannot parse price: ,7,0,26,left,DAMILK3ADCS,Clover Farms Dairy - 1% Milk,12 X 1 QT,$ 1 8.47,,DAMILK3ADCS | Clover Farms Dairy - 1% Milk | 12 X 1 QT | $ 1 8.47 | ,
parse_error,Cannot parse price: ,7,0,27,left,DAMILK4CS,Clover Farms Dairy - 2% Milk,12 X 1 QT,$ 1 9.43,,DAMILK4CS | Clover Farms Dairy - 2% Milk | 12 X 1 QT | $ 1 9.43 | ,
parse_error,Cannot parse price: ,7,0,28,left,DAMILK6CS,Clover Farms Dairy - Skim Milk,12 X 1 QT,$ 1 7.57,,DAMILK6CS | Clover Farms Dairy - Skim Milk | 12 X 1 QT | $ 1 7.57 | ,
parse_error,Cannot parse price: ,7,0,29,left,DAMILK8CS,Clover Farms Dairy - Heavy Cream 40%,12 X 1 QT,$ 6 7.24,,DAMILK8CS | Clover Farms Dairy - Heavy Cream 40% | 12 X 1 QT | $ 6 7.24 | ,
parse_error,Missing code or description,7,0,30,left,RONNYBROOK DAIRY,,,,,RONNYBROOK DAIRY |  |  |  | ,
parse_error,Cannot parse price: ,7,0,31,left,PABUT1,Ronnybrook Dairy - Salted Butter,12 X 8 OZ,$ 6 5.30,,PABUT1 | Ronnybrook Dairy - Salted Butter | 12 X 8 OZ | $ 6 5.30 | ,
parse_error,Cannot parse price: ,7,0,32,left,PABUT1A,Ronnybrook Dairy - Unsalted Butter,12 X 8 OZ,$ 6 5.30,,PABUT1A | Ronnybrook Dairy - Unsalted Butter | 12 X 8 OZ | $ 6 5.30 | ,
parse_error,Cannot parse price: ,7,0,33,left,PACREME,Ronnybrook Dairy - Crème Fraiche,8 OZ,$ 4 .45,,PACREME | Ronnybrook Dairy - Crème Fraiche | 8 OZ | $ 4 .45 | ,
parse_error,Cannot parse price: ,7,0,34,left,PACREME1,Ronnybrook Dairy - Crème Fraiche,2 LB,$ 1 2.08,,PACREME1 | Ronnybrook Dairy - Crème Fraiche | 2 LB | $ 1 2.08 | ,
parse_error,Cannot parse price: ,7,0,35,left,PAMILK9,Ronnybrook Dairy - Creamline Whole Milk,1/2 GAL,$ 3 .78,,PAMILK9 | Ronnybrook Dairy - Creamline Whole Milk | 1/2 GAL | $ 3 .78 | ,
parse_error,Cannot parse price: ,7,0,36,left,PAMILK99,Ronnybrook Dairy - Creamline Whole Milk,1 QT,$ 3 .45,,PAMILK99 | Ronnybrook Dairy - Creamline Whole Milk | 1 QT | $ 3 .45 | ,
parse_error,Cannot parse price: ,7,0,37,left,PAMILK99H,Ronnybrook Dairy - Whole Milk,1/2 GAL,$ 3 .78,,PAMILK99H | Ronnybrook Dairy - Whole Milk | 1/2 GAL | $ 3 .78 | ,
parse_error,Cannot parse price: ,7,0,38,left,PAMILK9B,Ronnybrook Dairy - Skim Milk,1/2 GAL,$ 3 .47,,PAMILK9B | Ronnybrook Dairy - Skim Milk | 1/2 GAL | $ 3 .47 | ,
parse_error,Cannot parse price: ,7,0,39,left,PAMILK9C,Ronnybrook Dairy - Creamline Chocolate Milk,1/2 GAL,$ 3 .93,,PAMILK9C | Ronnybrook Dairy - Creamline Chocolate Milk | 1/2 GAL | $ 3 .93 | ,
parse_error,Cannot parse price: ,7,0,40,left,PAMILK9F,Ronnybrook Dairy - Heavy Cream 40%,1/2 GAL,$ 1 8.99,,PAMILK9F | Ronnybrook Dairy - Heavy Cream 40% | 1/2 GAL | $ 1 8.99 | ,
parse_error,Cannot parse price: ,7,0,41,left,PAMILK9G,Ronnybrook Dairy - Creamline Whole Milk,12 X 12 OZ,$ 1 6.06,,PAMILK9G | Ronnybrook Dairy - Creamline Whole Milk | 12 X 12 OZ | $ 1 6.06 | ,
parse_error,Cannot parse price: ,7,0,42,left,PAMILK9H,Ronnybrook Dairy - 1% Milk,12 X 12 OZ,$ 1 6.06,,PAMILK9H | Ronnybrook Dairy - 1% Milk | 12 X 12 OZ | $ 1 6.06 | ,
parse_error,Cannot parse price: ,7,0,43,left,PAMILK9J,Ronnybrook Dairy - Creamline Chocolate Milk,12 X 12 OZ,$ 1 8.13,,PAMILK9J | Ronnybrook Dairy - Creamline Chocolate Milk | 12 X 12 OZ | $ 1 8.13 | ,
parse_error,Cannot parse price: ,7,0,44,left,PAMILK9L,Ronnybrook Dairy - Heavy Cream,12 X 12 OZ,$ 6 3.97,,PAMILK9L | Ronnybrook Dairy - Heavy Cream | 12 X 12 OZ | $ 6 3.97 | ,
parse_error,Cannot parse price: ,7,0,45,left,PAMILK9M,Ronnybrook Dairy - Half & Half,12 X 12 OZ,$ 4 3.58,,PAMILK9M | Ronnybrook Dairy - Half & Half | 12 X 12 OZ | $ 4 3.58 | ,
parse_error,Cannot parse price: ,7,0,46,left,PAMILK9X,Ronnybrook Dairy - 1% Milk,12 X 8 OZ,$ 1 5.98,,PAMILK9X | Ronnybrook Dairy - 1% Milk | 12 X 8 OZ | $ 1 5.98 | ,
parse_error,Cannot parse price: ,7,0,47,left,PAMILKRB2,Ronnybrook Dairy - Sour Cream,16 OZ,$ 7 .37,,PAMILKRB2 | Ronnybrook Dairy - Sour Cream | 16 OZ | $ 7 .37 | ,
parse_error,Missing code or description,7,0,48,left,,ORGANIC VALLEY,,,, | ORGANIC VALLEY |  |  | ,
parse_error,Cannot parse price: ,7,0,49,left,DACREAM3B,Organic Valley - Organic Cream Cheese,36 X 8 OZ,$ 1 51.36,,DACREAM3B | Organic Valley - Organic Cream Cheese | 36 X 8 OZ | $ 1 51.36 | ,
parse_error,Cannot parse price: ,7,0,50,left,DAMILK11OV,Organic Valley - Organic Half And Half,6 X 1/2 GAL,#N/A,,DAMILK11OV | Organic Valley - Organic Half And Half | 6 X 1/2 GAL | #N/A | ,
parse_error,Cannot parse price: ,7,0,51,left,DAMILK15ACS,Organic Valley - 2% Milk,6 X 1/2 GAL,$ 3 5.73,,DAMILK15ACS | Organic Valley - 2% Milk | 6 X 1/2 GAL | $ 3 5.73 | ,
parse_error,Cannot parse price: ,7,0,52,left,DAMILK15ACS,Organic Valley - 2% Milk,6 X 1/2 GAL,$ 3 5.73,,DAMILK15ACS | Organic Valley - 2% Milk | 6 X 1/2 GAL | $ 3 5.73 | ,
parse_error,Cannot parse price: ,7,0,53,left,DAMILK15CS,Organic Valley - Skim Milk,6 X 1/2 GAL,$ 3 5.73,,DAMILK15CS | Organic Valley - Skim Milk | 6 X 1/2 GAL | $ 3 5.73 | ,
parse_error,Cannot parse price: ,7,0,54,left,DAMILK15DCS,Organic Valley - Whole Milk,6 X 1/2 GAL,$ 3 7.34,,DAMILK15DCS | Organic Valley - Whole Milk | 6 X 1/2 GAL | $ 3 7.34 | ,
parse_error,Cannot parse price: ,7,0,55,left,DAMILK15FCS,Organic Valley - Lactose Free Skim Milk,6 X 1/2 GAL,$ 3 9.51,,DAMILK15FCS | Organic Valley - Lactose Free Skim Milk | 6 X 1/2 GAL | $ 3 9.51 | ,
parse_error,Missing code or description,7,0,56,left,,ORGANIC COCOJUNE,,,, | ORGANIC COCOJUNE |  |  | ,
parse_error,Cannot parse price: ,7,0,57,left,DAYOGURTND,COCOJUNE Organic Vegan Coconut Yogurt,8 x 16oz / CTN,$ 4 9.74,,DAYOGURTND | COCOJUNE Organic Vegan Coconut Yogurt | 8 x 16oz / CTN | $ 4 9.74 | ,
parse_error,Cannot parse price: ,7,0,58,left,DAYOGURTND2,COCOJUNE Organic Vegan Pure Coconut Yogurt,12 x 4oz / CTN,$ 2 5.07,,DAYOGURTND2 | COCOJUNE Organic Vegan Pure Coconut Yogurt | 12 x 4oz / CTN | $ 2 5.07 | ,
parse_error,Cannot parse price: ,7,0,59,left,DAYOGURTND3,COCOJUNE Organic Vegan Strawberry Rhubarb Coconut Yogurt,12 x 4oz / CTN,$ 2 5.07,,DAYOGURTND3 | COCOJUNE Organic Vegan Strawberry Rhubarb Coconut Yogurt | 12 x 4oz / CTN | $ 2 5.07 | ,
parse_error,Cannot parse price: ,7,0,60,left,DAYOGURTND7,COCOJUNE Organic Vegan Vanilla Chamomile Coconut Yogurt,8 x 16oz / CTN,$ 4 9.00,,DAYOGURTND7 | COCOJUNE Organic Vegan Vanilla Chamomile Coconut Yogurt | 8 x 16oz / CTN | $ 4 9.00 | ,
parse_error,Cannot parse price: ,7,0,61,left,DAYOGURTND5,COCOJUNE Organic Vegan Vanilla Chamomile Coconut Yogurt,12 x 4oz / CTN,$ 2 5.07,,DAYOGURTND5 | COCOJUNE Organic Vegan Vanilla Chamomile Coconut Yogurt | 12 x 4oz / CTN | $ 2 5.07 | ,
parse_error,Cannot parse price: ,7,0,62,left,DAYOGURTND4,COCOJUNE Organic Vegan Lemon Elderflower Coconut Yogurt,12 x 4oz / CTN,$ 2 5.07,,DAYOGURTND4 | COCOJUNE Organic Vegan Lemon Elderflower Coconut Yogurt | 12 x 4oz / CTN | $ 2 5.07 | ,
parse_error,Cannot parse price: ,7,0,63,left,DAYOGURTND6,COCOJUNE Organic Vegan Passion Fruit Coconut Yogurt,12 x 4oz / CTN,$ 2 5.05,,DAYOGURTND6 | COCOJUNE Organic Vegan Passion Fruit Coconut Yogurt | 12 x 4oz / CTN | $ 2 5.05 | ,
parse_error,Cannot parse price: ,7,0,64,left,DAYOGURTND9,COCOJUNE Organic Vegan Coconut Labneh Original,8 x 8oz / CTN,#N/A,,DAYOGURTND9 | COCOJUNE Organic Vegan Coconut Labneh Original | 8 x 8oz / CTN | #N/A | ,
parse_error,Cannot parse price: ,7,0,65,left,DAYOGURTND9A,COCOJUNE Organic Vegan Coconut Labneh Lemon Dill,8 x 8oz / CTN,#N/A,,DAYOGURTND9A | COCOJUNE Organic Vegan Coconut Labneh Lemon Dill | 8 x 8oz / CTN | #N/A | ,
parse_error,Missing code or description,7,0,66,left,,MILK ALTERNATIVES,,,, | MILK ALTERNATIVES |  |  | ,
parse_error,Cannot parse price: ,7,0,67,left,DAMILK16,Pacific Foods - Organic Almond Milk,12 X 32 OZ,$ 4 4.36,,DAMILK16 | Pacific Foods - Organic Almond Milk | 12 X 32 OZ | $ 4 4.36 | ,
parse_error,Cannot parse price: ,7,0,68,left,DAMILK16A,Pacific Foods - Organic Unsweetened Almond Milk,12 X 32 OZ,$ 4 4.36,,DAMILK16A | Pacific Foods - Organic Unsweetened Almond Milk | 12 X 32 OZ | $ 4 4.36 | ,
parse_error,Cannot parse price: ,7,0,69,left,DAMILK16B,Pacific Foods - Barista Series Original Almond Milk,12 X 32 OZ,$ 4 5.75,,DAMILK16B | Pacific Foods - Barista Series Original Almond Milk | 12 X 32 OZ | $ 4 5.75 | ,
parse_error,Cannot parse price: ,7,0,70,left,DAMILK16E,Pacific Foods - Barista Series Original Coconut Milk,12 X 32 OZ,$ 4 5.75,,DAMILK16E | Pacific Foods - Barista Series Original Coconut Milk | 12 X 32 OZ | $ 4 5.75 | ,
parse_error,Cannot parse price: ,7,0,71,left,DAMILK16EE,Pacific Foods - Barista Series Original Oat Milk,12 X 32 OZ,$ 4 7.56,,DAMILK16EE | Pacific Foods - Barista Series Original Oat Milk | 12 X 32 OZ | $ 4 7.56 | ,
parse_error,Cannot parse price: ,7,0,72,left,DAMILK16EEE,Pacific Foods - Original Organic Oat Milk,12 X 32 OZ,$ 4 9.88,,DAMILK16EEE | Pacific Foods - Original Organic Oat Milk | 12 X 32 OZ | $ 4 9.88 | ,
parse_error,Cannot parse price: ,7,0,73,left,DAMILKND1B,Elmhurst - Almond Barista Milk,6 X 32 OZ,$ 3 1.67,,DAMILKND1B | Elmhurst - Almond Barista Milk | 6 X 32 OZ | $ 3 1.67 | ,
parse_error,Cannot parse price: ,7,0,74,left,DAMILKND4,Elmhurst - Oat Milk,6 X 32 OZ,$ 3 2.14,,DAMILKND4 | Elmhurst - Oat Milk | 6 X 32 OZ | $ 3 2.14 | ,
parse_error,Cannot parse price: ,7,0,75,left,DAMILKND4B,Elmhurst - Oat Barista Milk,6 X 32 OZ,$ 3 1.67,,DAMILKND4B | Elmhurst - Oat Barista Milk | 6 X 32 OZ | $ 3 1.67 | ,
parse_error,Cannot parse price: ,7,0,76,left,DAMILKND4C,Elmhurst - Unsweetened Oat Milk,6 X 32 OZ,$ 3 2.14,,DAMILKND4C | Elmhurst - Unsweetened Oat Milk | 6 X 32 OZ | $ 3 2.14 | ,
parse_error,Cannot parse price: ,7,0,77,left,DAMILKND5,Elmhurst - Cashew Milk,6 X 32 OZ,$ 3 2.14,,DAMILKND5 | Elmhurst - Cashew Milk | 6 X 32 OZ | $ 3 2.14 | ,
parse_error,Cannot parse price: ,7,0,78,left,DAMILKND8,Elmhurst - Unsweetened Almond Milk,6 X 32 OZ,$ 3 2.14,,DAMILKND8 | Elmhurst - Unsweetened Almond Milk | 6 X 32 OZ | $ 3 2.14 | ,
parse_error,Cannot parse price: ,7,0,79,left,DAMILKNDC11,Califia Farms - Oat Barista Milk,12 X 32 OZ,$ 4 5.39,,DAMILKNDC11 | Califia Farms - Oat Barista Milk | 12 X 32 OZ | $ 4 5.39 | ,
parse_error,Cannot parse price: ,7,0,80,left,DAMILKNDC2,Califia Farms - Unsweetened Almond Barista Milk,6 X 32 OZ,$ 2 0.49,,DAMILKNDC2 | Califia Farms - Unsweetened Almond Barista Milk | 6 X 32 OZ | $ 2 0.49 | ,
parse_error,Cannot parse price: ,7,0,81,left,DAMILKNDC3,Califia Farms - Coconut Milk,6 X 48 OZ,$ 2 4.26,,DAMILKNDC3 | Califia Farms - Coconut Milk | 6 X 48 OZ | $ 2 4.26 | ,
parse_error,Cannot parse price: ,7,0,82,left,DAMILKNDC4,Califia Farms - Unsweetened Almond Milk,6 X 48 OZ,$ 2 4.26,,DAMILKNDC4 | Califia Farms - Unsweetened Almond Milk | 6 X 48 OZ | $ 2 4.26 | ,
parse_error,Cannot parse price: ,7,0,83,left,DAMILKNDC5,Califia Farms - Toasted Coconut Almond Milk,6 X 48 OZ,$ 2 4.26,,DAMILKNDC5 | Califia Farms - Toasted Coconut Almond Milk | 6 X 48 OZ | $ 2 4.26 | ,
parse_error,Cannot parse price: ,7,0,84,left,DAMILKNDC6,Califia Farms - Unsweetened Vanilla Almond Milk,6 X 48 OZ,$ 2 4.26,,DAMILKNDC6 | Califia Farms - Unsweetened Vanilla Almond Milk | 6 X 48 OZ | $ 2 4.26 | ,
parse_error,Cannot parse price: ,7,0,85,left,DAMILKNDC7,Califia Farms - Vanilla Almond Milk,6 X 48 OZ,$ 2 4.26,,DAMILKNDC7 | Califia Farms - Vanilla Almond Milk | 6 X 48 OZ | $ 2 4.26 | ,
parse_error,Cannot parse price: ,7,0,86,left,DAMILKNDC8,Califia Farms - Almond Milk,6 X 48 OZ,$ 2 4.26,,DAMILKNDC8 | Califia Farms - Almond Milk | 6 X 48 OZ | $ 2 4.26 | ,
parse_error,Cannot parse price: ,7,0,87,left,DAMILKNDC99,Califia Farms - Almond Barista Blend,12 X 32 OZ,$ 4 8.99,,DAMILKNDC99 | Califia Farms - Almond Barista Blend | 12 X 32 OZ | $ 4 8.99 | ,
parse_error,Cannot parse price: ,7,0,88,left,DAMILKNDT,Tache - Original Pistachio Milk,6 X 32 OZ,$ 3 6.00,,DAMILKNDT | Tache - Original Pistachio Milk | 6 X 32 OZ | $ 3 6.00 | ,
parse_error,Cannot parse price: ,7,0,89,left,DAMILKNDT1,Tache - Unsweetened Pistachio Milk,6 X 32 OZ,$ 3 6.00,,DAMILKNDT1 | Tache - Unsweetened Pistachio Milk | 6 X 32 OZ | $ 3 6.00 | ,
parse_error,Cannot parse price: ,7,0,90,left,DAMILKNDT2,Tache - Vanilla Pistachio Milk,6 X 32 OZ,$ 3 6.00,,DAMILKNDT2 | Tache - Vanilla Pistachio Milk | 6 X 32 OZ | $ 3 6.00 | ,
parse_error,Cannot parse price: ,7,0,91,left,DAMILKNDT3,Tache - Unsweetened Vanilla Pistachio Milk,6 X 32 OZ,#N/A,,DAMILKNDT3 | Tache - Unsweetened Vanilla Pistachio Milk | 6 X 32 OZ | #N/A | ,
parse_error,Cannot parse price: ,7,0,92,left,SOY1AA,Pacific Foods - Barista Series Original Soy Milk,12 X 32 OZ,$ 4 2.32,,SOY1AA | Pacific Foods - Barista Series Original Soy Milk | 12 X 32 OZ | $ 4 2.32 | ,
parse_error,Missing code or description,7,0,93,left,,OTHER BUTTER & CREAM CHEESE,,,, | OTHER BUTTER & CREAM CHEESE |  |  | ,
parse_error,Cannot parse price: ,7,0,94,left,DABUT2EA,Cabot Creamery - Salted Butter,1 LB,$ 4 .29,,DABUT2EA | Cabot Creamery - Salted Butter | 1 LB | $ 4 .29 | ,
parse_error,Cannot parse price: ,7,0,95,left,DABUT3EA,Cabot Creamery - Unsalted Butter,1 LB,$ 4 .17,,DABUT3EA | Cabot Creamery - Unsalted Butter | 1 LB | $ 4 .17 | ,
parse_error,Cannot parse price: ,7,0,96,left,DABUT7H,Isigny Sainte Mere - Salted French Butter,10 X 8.8 OZ,$ 5 3.25,,DABUT7H | Isigny Sainte Mere - Salted French Butter | 10 X 8.8 OZ | $ 5 3.25 | ,
parse_error,Cannot parse price: ,7,0,97,left,DABUT7J,Isigny Sainte Mere - Unsalted French Butter,10 X 8.8 OZ,$ 5 0.02,,DABUT7J | Isigny Sainte Mere - Unsalted French Butter | 10 X 8.8 OZ | $ 5 0.02 | ,
parse_error,Cannot parse price: ,7,0,98,left,DABUTNDCS,Violife - Vegan Unsalted Butter,36 X 1 LB,$ 1 18.14,,DABUTNDCS | Violife - Vegan Unsalted Butter | 36 X 1 LB | $ 1 18.14 | ,
parse_error,Cannot parse price: ,7,0,99,left,DABUTNDCS2,Violife - Vegan Salted Butter,36 X 1 LB,$ 1 05.73,,DABUTNDCS2 | Violife - Vegan Salted Butter | 36 X 1 LB | $ 1 05.73 | ,
parse_error,Cannot parse price: ,7,0,100,left,DACREAM55,Perrystead Dairy - The Real Philly Fresh Schmear Cheese,6x8oz,$ 3 2.23,,DACREAM55 | Perrystead Dairy - The Real Philly Fresh Schmear Cheese | 6x8oz | $ 3 2.23 | ,
parse_error,Cannot parse price: ,7,0,101,left,DACREAMNDKH,Kite Hill - Vegan Cream Cheese,6x8oz,$ 4 0.12,,DACREAMNDKH | Kite Hill - Vegan Cream Cheese | 6x8oz | $ 4 0.12 | ,
parse_error,Cannot parse price: ,7,0,102,left,DACREAMNDKH2,Kite Hill - Vegan Sour Cream,6 x 12 oz,$ 2 2.48,,DACREAMNDKH2 | Kite Hill - Vegan Sour Cream | 6 x 12 oz | $ 2 2.48 | ,
parse_error,Cannot parse price: ,7,0,103,left,PABUT1,Ronnybrook Dairy - Salted Butter,12 X 8 OZ,$ 6 5.30,,PABUT1 | Ronnybrook Dairy - Salted Butter | 12 X 8 OZ | $ 6 5.30 | ,
parse_error,Cannot parse price: ,8,0,1,left,PABUT1A,Ronnybrook Dairy - Unsalted Butter,12 X 8 OZ,$ 6 5.30,,PABUT1A | Ronnybrook Dairy - Unsalted Butter | 12 X 8 OZ | $ 6 5.30 | ,
parse_error,Cannot parse price: ,8,0,2,left,PABUTAR,Arethusa Farm Dairy - Cultured Butter with Sea Salt,12 X 8 OZ,$ 9 5.66,,PABUTAR | Arethusa Farm Dairy - Cultured Butter with Sea Salt | 12 X 8 OZ | $ 9 5.66 | ,
parse_error,Cannot parse price: ,8,0,3,left,PACHEESE7,Vermont Creamery - Crème Fraiche,8 OZ,$ 3 .80,,PACHEESE7 | Vermont Creamery - Crème Fraiche | 8 OZ | $ 3 .80 | ,
parse_error,Cannot parse price: ,8,0,4,left,PAMILKAR6,Arethusa Farm Dairy - Sour Cream,6 X 16 OZ,$ 3 3.72,,PAMILKAR6 | Arethusa Farm Dairy - Sour Cream | 6 X 16 OZ | $ 3 3.72 | ,
parse_error,Cannot parse price: ,8,0,5,left,PAMILKRB2,Ronnybrook Dairy - Sour Cream,16 OZ,$ 7 .37,,PAMILKRB2 | Ronnybrook Dairy - Sour Cream | 16 OZ | $ 7 .37 | ,
parse_error,Cannot parse price: ,8,0,6,left,VEGANVR8,Violife - Vegan Cream Cheese,8x7.05 oz,$ 4 1.79,,VEGANVR8 | Violife - Vegan Cream Cheese | 8x7.05 oz | $ 4 1.79 | ,
parse_error,Missing code or description,8,0,7,left,,EGGS,,,, | EGGS |  |  | ,
parse_error,Cannot parse price: ,8,0,8,left,EGGS1A,Esbenshade Farms - Extra Large A Egg Cartons,15 X 1 DOZ,$ 1 41.48,,EGGS1A | Esbenshade Farms - Extra Large A Egg Cartons | 15 X 1 DOZ | $ 1 41.48 | ,
parse_error,Cannot parse price: ,8,0,9,left,EGGS5,Handsome Brook Farms - Organic Large Pasture Raised Eggs,15 X 1 DOZ,$ 1 25.99,,EGGS5 | Handsome Brook Farms - Organic Large Pasture Raised Eggs | 15 X 1 DOZ | $ 1 25.99 | ,
parse_error,Cannot parse price: ,8,0,10,left,EGGS7,Esbenshade Farms - Organic Cage-Free Large Egg Cartons,15 X 1 DOZ,$ 1 08.77,,EGGS7 | Esbenshade Farms - Organic Cage-Free Large Egg Cartons | 15 X 1 DOZ | $ 1 08.77 | ,
parse_error,Cannot parse price: ,8,0,11,left,EGGS9,The Farmer's Hen - Organic Free Range Large Egg Cartons,15 X 1 DOZ,$ 1 02.84,,EGGS9 | The Farmer's Hen - Organic Free Range Large Egg Cartons | 15 X 1 DOZ | $ 1 02.84 | ,
parse_error,Cannot parse price: ,8,0,12,left,EGGS9A,The Farmer's Hen - Free Range Brown Egg Cartons,15 xX 1 DOZ,$ 9 4.38,,EGGS9A | The Farmer's Hen - Free Range Brown Egg Cartons | 15 xX 1 DOZ | $ 9 4.38 | ,
parse_error,Cannot parse price: ,8,0,13,left,EGGS9G,Happy Egg Co. - Medium Free Range Heritage Eggs,15 X 1 DOZ,$ 1 36.00,,EGGS9G | Happy Egg Co. - Medium Free Range Heritage Eggs | 15 X 1 DOZ | $ 1 36.00 | ,
parse_error,Cannot parse price: ,8,0,14,left,EGGSV5,Vital Farms - Pasture Raised Hard Boiled Eggs,20 X 2 CT,$ 5 5.06,,EGGSV5 | Vital Farms - Pasture Raised Hard Boiled Eggs | 20 X 2 CT | $ 5 5.06 | ,
parse_error,Missing code or description,8,0,15,left,,CHEESE & CHEESE ALTERNATIVES,,,, | CHEESE & CHEESE ALTERNATIVES |  |  | ,
parse_error,Cannot parse price: ,8,0,16,left,CHEESE1B,Caseificio Dell'Alta Langa - La Tur Cheese,3 LB AVG | 6 P,C$ 1 8.59,,CHEESE1B | Caseificio Dell'Alta Langa - La Tur Cheese | 3 LB AVG | 6 P | C$ 1 8.59 | ,
parse_error,Cannot parse price: ,8,0,17,left,CHEESE1TT,Vermont Creamery - Bijou Retail Double Pack,6 X 4 OZ,$ 5 3.04,,CHEESE1TT | Vermont Creamery - Bijou Retail Double Pack | 6 X 4 OZ | $ 5 3.04 | ,
parse_error,Cannot parse price: ,8,0,18,left,CHEESE22CCS,Grillies - Halloumi,12 X 8.8 OZ,#N/A,,CHEESE22CCS | Grillies - Halloumi | 12 X 8.8 OZ | #N/A | ,
parse_error,Cannot parse price: ,8,0,19,left,CHEESE2A11,Kourellas - Organic Grill & Eat Halloumi Cheese,10 X 5.3 OZ,$ 6 2.62,,CHEESE2A11 | Kourellas - Organic Grill & Eat Halloumi Cheese | 10 X 5.3 OZ | $ 6 2.62 | ,
parse_error,Cannot parse price: ,8,0,20,left,CHEESE2CP,Isigny Sainte Mere - Petit Brie,8.8 OZ,$ 4 .64,,CHEESE2CP | Isigny Sainte Mere - Petit Brie | 8.8 OZ | $ 4 .64 | ,
parse_error,Cannot parse price: ,8,0,21,left,CHEESE2I,St Andre - Mini St. Andre Cheese,7 OZ,$ 7 .54,,CHEESE2I | St Andre - Mini St. Andre Cheese | 7 OZ | $ 7 .54 | ,
parse_error,Cannot parse price: ,8,0,22,left,CHEESE4DCS,"Lioni Latticini, Inc. - Stracciatella",6 X 1 LB,$ 4 6.95,,"CHEESE4DCS | Lioni Latticini, Inc. - Stracciatella | 6 X 1 LB | $ 4 6.95 | ",
parse_error,Cannot parse price: ,8,0,23,left,CHEESE4JJ,Carozzi - Mini Taleggio Cheese,8 OZ,#N/A,,CHEESE4JJ | Carozzi - Mini Taleggio Cheese | 8 OZ | #N/A | ,
parse_error,Cannot parse price: ,8,0,24,left,CHEESE4K,Caseificio Dell'Alta Langa - Robiola Bosina Cheese,1 LB AVG,$ 1 9.06,,CHEESE4K | Caseificio Dell'Alta Langa - Robiola Bosina Cheese | 1 LB AVG | $ 1 9.06 | ,
parse_error,Cannot parse price: ,8,0,25,left,CHEESEI,Cypress Grove - Mini Humboldt Fog Cheese,4 LB AVG | 4 P,C$ 2 4.22,,CHEESEI | Cypress Grove - Mini Humboldt Fog Cheese | 4 LB AVG | 4 P | C$ 2 4.22 | ,
parse_error,Cannot parse price: ,8,0,26,left,CHEESEN2,Grafton Village Cheese - Smoked Maple Cheddar Waxed Bars,12 X 4 OZ,$ 4 9.07,,CHEESEN2 | Grafton Village Cheese - Smoked Maple Cheddar Waxed Bars | 12 X 4 OZ | $ 4 9.07 | ,
parse_error,Cannot parse price: ,8,0,27,left,CHEESEN3,Grafton Village Cheese - 2 Year Cheddar Waxed Bars,12 X 8 OZ,$ 7 7.79,,CHEESEN3 | Grafton Village Cheese - 2 Year Cheddar Waxed Bars | 12 X 8 OZ | $ 7 7.79 | ,
parse_error,Cannot parse price: ,8,0,28,left,CHEESEN5,Grafton Village Cheese - Truffle Cheddar Bars,12 X 8 OZ,$ 8 7.81,,CHEESEN5 | Grafton Village Cheese - Truffle Cheddar Bars | 12 X 8 OZ | $ 8 7.81 | ,
parse_error,Cannot parse price: ,8,0,29,left,CHEESEOR,Origin Milk - Organic 1 Year Aged A2 Sharp Raw Cheddar Block,12 X 8 OZ,$ 1 00.60,,CHEESEOR | Origin Milk - Organic 1 Year Aged A2 Sharp Raw Cheddar Block | 12 X 8 OZ | $ 1 00.60 | ,
parse_error,Cannot parse price: ,8,0,30,left,CHEESEOR6,Origin Milk - Organic A2 Smoked Gouda Block,12 X 8 OZ,$ 8 8.39,,CHEESEOR6 | Origin Milk - Organic A2 Smoked Gouda Block | 12 X 8 OZ | $ 8 8.39 | ,
parse_error,Cannot parse price: ,8,0,31,left,CHEESEOR7,Origin Milk - Organic A2 Mozzarella Cheese Block,12 X 8 OZ,$ 7 2.03,,CHEESEOR7 | Origin Milk - Organic A2 Mozzarella Cheese Block | 12 X 8 OZ | $ 7 2.03 | ,
parse_error,Cannot parse price: ,8,0,32,left,CHEESER,Cowgirl Creamery - Red Hawk Cheese,2.5 LB AVG | 6,PC$ 2 7.64,,CHEESER | Cowgirl Creamery - Red Hawk Cheese | 2.5 LB AVG | 6 | PC$ 2 7.64 | ,
parse_error,Cannot parse price: ,8,0,33,left,CHEESERR,Cowgirl Creamery - Mt. Tam Cheese,12 X 8 OZ,$ 1 45.90,,CHEESERR | Cowgirl Creamery - Mt. Tam Cheese | 12 X 8 OZ | $ 1 45.90 | ,
parse_error,Cannot parse price: ,8,0,34,left,CHEESEW,Cypress Grove - Purple Haze Cheese,12 X 4 OZ,$ 6 7.73,,CHEESEW | Cypress Grove - Purple Haze Cheese | 12 X 4 OZ | $ 6 7.73 | ,
parse_error,Cannot parse price: ,8,0,35,left,DACHEESE1ACS,Ambrosi - Parmigiano Reggiano 24 Month Wedges,12 X 7 OZ,$ 1 00.20,,DACHEESE1ACS | Ambrosi - Parmigiano Reggiano 24 Month Wedges | 12 X 7 OZ | $ 1 00.20 | ,
parse_error,Cannot parse price: ,8,0,36,left,DACHEESE1BCS,Ambrosi - Grana Pandano Wedge,12 X 7 OZ,$ 8 4.60,,DACHEESE1BCS | Ambrosi - Grana Pandano Wedge | 12 X 7 OZ | $ 8 4.60 | ,
parse_error,Cannot parse price: ,8,0,37,left,DACHEESE1CWCS,Ambrosi - Pecorino Romano Wedges,12 X 7 OZ,$ 8 9.00,,DACHEESE1CWCS | Ambrosi - Pecorino Romano Wedges | 12 X 7 OZ | $ 8 9.00 | ,
parse_error,Cannot parse price: ,8,0,38,left,DACHEESE1F,Montchevre - Organic Goat Cheese Logs,12 X 4 OZ,$ 4 6.60,,DACHEESE1F | Montchevre - Organic Goat Cheese Logs | 12 X 4 OZ | $ 4 6.60 | ,
parse_error,Cannot parse price: ,8,0,39,left,DACHEESE2B,Montchevre - Goat Cheese Log,10.5 OZ,$ 6 .35,,DACHEESE2B | Montchevre - Goat Cheese Log | 10.5 OZ | $ 6 .35 | ,
parse_error,Cannot parse price: ,8,0,40,left,DACHEESE2H,Montchevre - Garlic and Herb Goat Cheese Log,10.5 OZ,$ 6 .35,,DACHEESE2H | Montchevre - Garlic and Herb Goat Cheese Log | 10.5 OZ | $ 6 .35 | ,
parse_error,Cannot parse price: ,8,0,41,left,DACHEESE3B,Urbani - Truffle Burrata,12 X 4 OZ,$ 4 2.24,,DACHEESE3B | Urbani - Truffle Burrata | 12 X 4 OZ | $ 4 2.24 | ,
parse_error,Cannot parse price: ,8,0,42,left,DACHEESE4AA,Organic Valley - Mozzarella String Cheese Singles,96 X 1 OZ,$ 6 6.34,,DACHEESE4AA | Organic Valley - Mozzarella String Cheese Singles | 96 X 1 OZ | $ 6 6.34 | ,
parse_error,Cannot parse price: ,8,0,43,left,DACHEESE4CCS,"Lioni Latticini, Inc. - Wrapped Salted Mozzarella Balls",12 X 1 LB,$ 7 8.72,,"DACHEESE4CCS | Lioni Latticini, Inc. - Wrapped Salted Mozzarella Balls | 12 X 1 LB | $ 7 8.72 | ",
parse_error,Cannot parse price: ,8,0,44,left,DACHEESE4K,Antiche Bonta - Mozzarella Di Buffalo Balls In Water,12 X 250 GR,$ 1 06.03,,DACHEESE4K | Antiche Bonta - Mozzarella Di Buffalo Balls In Water | 12 X 250 GR | $ 1 06.03 | ,
parse_error,Cannot parse price: ,8,0,45,left,DACHEESE4KKCS,"Lioni Latticini, Inc. - Bufala Fresca Mozzarella Balls 4 oz",6 X 8 OZ,$ 3 9.17,,"DACHEESE4KKCS | Lioni Latticini, Inc. - Bufala Fresca Mozzarella Balls 4 oz | 6 X 8 OZ | $ 3 9.17 | ",
parse_error,Cannot parse price: ,8,0,46,left,DACHEESE4L,"Lioni Latticini, Inc. - Smoked Mozzarella Cheese Ball",1 LB,$ 6 .97,,"DACHEESE4L | Lioni Latticini, Inc. - Smoked Mozzarella Cheese Ball | 1 LB | $ 6 .97 | ",
parse_error,Cannot parse price: ,8,0,47,left,DACHEESE4M,"Lioni Latticini, Inc. - Burrata",6 X 2 X 4 OZ,$ 2 9.99,,"DACHEESE4M | Lioni Latticini, Inc. - Burrata | 6 X 2 X 4 OZ | $ 2 9.99 | ",
parse_error,Cannot parse price: ,8,0,48,left,DACHEESE9L,Di Stefano - Burrata,12 X 4 OZ,$ 3 7.18,,DACHEESE9L | Di Stefano - Burrata | 12 X 4 OZ | $ 3 7.18 | ,
parse_error,Cannot parse price: ,8,0,49,left,DACHEESE9LA,Di Stefano - Burrata,24 X 2 OZ,$ 4 8.68,,DACHEESE9LA | Di Stefano - Burrata | 24 X 2 OZ | $ 4 8.68 | ,
parse_error,Cannot parse price: ,8,0,50,left,DACHEESE9LL,Di Stefano - Stracciatella,6 X 1 LB,$ 6 0.26,,DACHEESE9LL | Di Stefano - Stracciatella | 6 X 1 LB | $ 6 0.26 | ,
parse_error,Cannot parse price: ,8,0,51,left,DACHEESECAB3,Cabot Creamery - Sharp Cheddar Snacking Sticks,12X7.5 OZ,$ 6 0.78,,DACHEESECAB3 | Cabot Creamery - Sharp Cheddar Snacking Sticks | 12X7.5 OZ | $ 6 0.78 | ,
parse_error,Cannot parse price: ,8,0,52,left,DACHEESECAM,Campania Felix - Mozzarella Di Buffalo,6 X 250 GR,$ 7 0.44,,DACHEESECAM | Campania Felix - Mozzarella Di Buffalo | 6 X 250 GR | $ 7 0.44 | ,
parse_error,Cannot parse price: ,8,0,53,left,DACHEESECAM1,Campania Felix - Mozzarella Di Buffala Bocconcini,40 X 50 GR,$ 1 00.19,,DACHEESECAM1 | Campania Felix - Mozzarella Di Buffala Bocconcini | 40 X 50 GR | $ 1 00.19 | ,
parse_error,Cannot parse price: ,8,0,54,left,DACHEESENDKH,Kite Hill - Vegan Ricotta,6X8 OZ,$ 4 6.34,,DACHEESENDKH | Kite Hill - Vegan Ricotta | 6X8 OZ | $ 4 6.34 | ,
parse_error,Cannot parse price: ,8,0,55,left,PACHEESE10BBR,Arethusa Farm Dairy - Bella Bantam Retail,12 X 5.5 OZ,$ 7 6.68,,PACHEESE10BBR | Arethusa Farm Dairy - Bella Bantam Retail | 12 X 5.5 OZ | $ 7 6.68 | ,
parse_error,Cannot parse price: ,8,0,56,left,PACHEESE10CBR,Arethusa Farm Dairy - Crybaby Retail,12 X 5.5 OZ,$ 7 6.68,,PACHEESE10CBR | Arethusa Farm Dairy - Crybaby Retail | 12 X 5.5 OZ | $ 7 6.68 | ,
parse_error,Cannot parse price: ,8,0,57,left,PACHEESE10CC,Four Fat Fowl - St. Stephen Cheese,6 X 9 OZ,$ 2 4.35,,PACHEESE10CC | Four Fat Fowl - St. Stephen Cheese | 6 X 9 OZ | $ 2 4.35 | ,
parse_error,Cannot parse price: ,8,0,58,left,PACHEESE10CR,Arethusa Farm Dairy - Camembert,6 X 8 OZ,$ 6 1.76,,PACHEESE10CR | Arethusa Farm Dairy - Camembert | 6 X 8 OZ | $ 6 1.76 | ,
parse_error,Cannot parse price: ,8,0,59,left,PACHEESE10EU,Arethusa Farm Dairy - Europa Cheese,12 X 5.5 OZ,$ 9 2.44,,PACHEESE10EU | Arethusa Farm Dairy - Europa Cheese | 12 X 5.5 OZ | $ 9 2.44 | ,
parse_error,Cannot parse price: ,8,0,60,left,PACHEESE10TR,Arethusa Farm Dairy - Tapping Reeve Retail,12 X 5.5 OZ,$ 9 2.44,,PACHEESE10TR | Arethusa Farm Dairy - Tapping Reeve Retail | 12 X 5.5 OZ | $ 9 2.44 | ,
parse_error,Cannot parse price: ,8,0,61,left,PACHEESE3D,Nettle Meadow Farm - Mini Kunik Minis Cheese,9 X 4 OZ,$ 6 4.34,,PACHEESE3D | Nettle Meadow Farm - Mini Kunik Minis Cheese | 9 X 4 OZ | $ 6 4.34 | ,
parse_error,Cannot parse price: ,8,0,62,left,PACHEESE3EE,Nettle Meadow Farm - Plain Fromage Blanc Cups,8 X 5 OZ,$ 4 7.56,,PACHEESE3EE | Nettle Meadow Farm - Plain Fromage Blanc Cups | 8 X 5 OZ | $ 4 7.56 | ,
parse_error,Cannot parse price: ,8,0,63,left,PACHEESE3GG,Nettle Meadow Farm - Fromage Blanc Honey Lavender Cheese Cups,8 X 5 OZ,$ 4 7.56,,PACHEESE3GG | Nettle Meadow Farm - Fromage Blanc Honey Lavender Cheese Cups | 8 X 5 OZ | $ 4 7.56 | ,
parse_error,Cannot parse price: ,8,0,64,left,PACHEESE3LL,Nettle Meadow Farm - Chevre with Olive Oil & Garlic Cups,8 X 5 OZ,$ 4 7.97,,PACHEESE3LL | Nettle Meadow Farm - Chevre with Olive Oil & Garlic Cups | 8 X 5 OZ | $ 4 7.97 | ,
parse_error,Cannot parse price: ,8,0,65,left,PACHEESE4J,Old Chatham Creamery - Mini Kinderhook Creek Cheese,8 X 3.5 OZ,$ 4 6.17,,PACHEESE4J | Old Chatham Creamery - Mini Kinderhook Creek Cheese | 8 X 3.5 OZ | $ 4 6.17 | ,
parse_error,Cannot parse price: ,8,0,66,left,PACHEESE7C,Vermont Creamery - Cremont Cheese,6 X 5 OZ,$ 5 0.00,,PACHEESE7C | Vermont Creamery - Cremont Cheese | 6 X 5 OZ | $ 5 0.00 | ,
parse_error,Cannot parse price: ,8,0,67,left,VEGANFETA,Kourellas - Plain Greek Vegan Style Feta Cheese,10 X 5.3 OZ,$ 3 5.06,,VEGANFETA | Kourellas - Plain Greek Vegan Style Feta Cheese | 10 X 5.3 OZ | $ 3 5.06 | ,
parse_error,Cannot parse price: ,8,0,68,left,VEGANV2,Violife - Vegan Parmesan Wedge,7 X 5.29 OZ,$ 3 9.41,,VEGANV2 | Violife - Vegan Parmesan Wedge | 7 X 5.29 OZ | $ 3 9.41 | ,
parse_error,Cannot parse price: ,8,0,69,left,VEGANV2S,Violife - Vegan Parmesan Grated,10 X 1.1 LB,$ 1 14.50,,VEGANV2S | Violife - Vegan Parmesan Grated | 10 X 1.1 LB | $ 1 14.50 | ,
parse_error,Missing code or description,8,0,70,left,,MONTY's VEGAN CREAM CHEESE & BUTTERS,,,, | MONTY's VEGAN CREAM CHEESE & BUTTERS |  |  | ,
parse_error,Cannot parse price: ,8,0,71,left,VEGANM2,MONTY'S - Vegan Cream Cheese,6 x 6oz,$ 3 2.00,,VEGANM2 | MONTY'S - Vegan Cream Cheese | 6 x 6oz | $ 3 2.00 | ,
parse_error,Cannot parse price: ,8,0,72,left,VEGANM3,MONTY'S - Vegan Scallion Cream Cheese,6 x 6oz,$ 3 2.00,,VEGANM3 | MONTY'S - Vegan Scallion Cream Cheese | 6 x 6oz | $ 3 2.00 | ,
parse_error,Cannot parse price: ,8,0,73,left,VEGANM4,MONTY'S - Vegan Truffle Rosemary Cream Cheese,6 x 6oz,$ 3 2.00,,VEGANM4 | MONTY'S - Vegan Truffle Rosemary Cream Cheese | 6 x 6oz | $ 3 2.00 | ,
parse_error,Cannot parse price: ,8,0,74,left,DABUTNDM3,MONTY'S - Vegan Salted Cultured Butter,6 x 5oz,$ 2 9.00,,DABUTNDM3 | MONTY'S - Vegan Salted Cultured Butter | 6 x 5oz | $ 2 9.00 | ,
parse_error,Cannot parse price: ,8,0,75,left,DABUTNDM2,MONTY'S - Vegan Salted Butter,6 x 5oz,$ 2 9.00,,DABUTNDM2 | MONTY'S - Vegan Salted Butter | 6 x 5oz | $ 2 9.00 | ,
parse_error,Cannot parse price: ,8,0,76,left,DABUTNDM1,MONTY'S - Vegan Salted Cultured Butter 2 LB,2 LB,$ 1 6.50,,DABUTNDM1 | MONTY'S - Vegan Salted Cultured Butter 2 LB | 2 LB | $ 1 6.50 | ,
parse_error,Cannot parse price: ,8,0,77,left,VEGANM1,MONTY'S - Vegan Cream Cheese LB,2 LB,$ 1 6.50,,VEGANM1 | MONTY'S - Vegan Cream Cheese LB | 2 LB | $ 1 6.50 | ,
parse_error,Missing code or description,8,0,78,left,,FAGE,,,, | FAGE |  |  | ,
parse_error,Cannot parse price: ,8,0,79,left,DAYOGURT1A,Fage - Plain Greek Yogurt 5%,12x5.3 oz,$ 2 2.66,,DAYOGURT1A | Fage - Plain Greek Yogurt 5% | 12x5.3 oz | $ 2 2.66 | ,
parse_error,Cannot parse price: ,8,0,80,left,DAYOGURT1BB,Fage - 2% Blueberry Greek Yogurt,12x5.3 oz,$ 2 2.66,,DAYOGURT1BB | Fage - 2% Blueberry Greek Yogurt | 12x5.3 oz | $ 2 2.66 | ,
parse_error,Cannot parse price: ,8,0,81,left,DAYOGURT1C,Fage - 2% Peach Greek Yogurt,12x5.3 oz,$ 2 2.66,,DAYOGURT1C | Fage - 2% Peach Greek Yogurt | 12x5.3 oz | $ 2 2.66 | ,
parse_error,Cannot parse price: ,8,0,82,left,DAYOGURT1D,Fage - 2% Cherry Greek Yogurt,12x5.3 oz,$ 2 2.66,,DAYOGURT1D | Fage - 2% Cherry Greek Yogurt | 12x5.3 oz | $ 2 2.66 | ,
parse_error,Cannot parse price: ,8,0,83,left,DAYOGURT1E,Fage - 0% Plain Greek Yogurt,6x1 lb,$ 2 2.03,,DAYOGURT1E | Fage - 0% Plain Greek Yogurt | 6x1 lb | $ 2 2.03 | ,
parse_error,Cannot parse price: ,8,0,84,left,DAYOGURT1F,Fage - 0% Plain Greek Yogurt,12x5.3 oz,$ 2 2.66,,DAYOGURT1F | Fage - 0% Plain Greek Yogurt | 12x5.3 oz | $ 2 2.66 | ,
parse_error,Cannot parse price: ,8,0,85,left,DAYOGURT1G,Fage - 2% Greek Yogurt with Honey,12x5.3 oz,$ 2 2.66,,DAYOGURT1G | Fage - 2% Greek Yogurt with Honey | 12x5.3 oz | $ 2 2.66 | ,
parse_error,Cannot parse price: ,8,0,86,left,DAYOGURT1H,Fage - 2% Greek Yogurt with Strawberry,12x5.3 oz,$ 2 2.66,,DAYOGURT1H | Fage - 2% Greek Yogurt with Strawberry | 12x5.3 oz | $ 2 2.66 | ,
parse_error,Cannot parse price: ,8,0,87,left,DAYOGURT2,Fage - 5% Plain Greek Yogurt,6x1 lb,$ 2 2.03,,DAYOGURT2 | Fage - 5% Plain Greek Yogurt | 6x1 lb | $ 2 2.03 | ,
parse_error,Missing code or description,8,0,88,left,,NORR ORGANIC,,,, | NORR ORGANIC |  |  | ,
parse_error,Cannot parse price: ,8,0,89,left,DAYOGURTNS2A,Organic Elderflower & Lemon Skyr Yogurt,12 X 4.4 OZ,$ 2 5.58,,DAYOGURTNS2A | Organic Elderflower & Lemon Skyr Yogurt | 12 X 4.4 OZ | $ 2 5.58 | ,
parse_error,Cannot parse price: ,8,0,90,left,DAYOGURTNS3A,Organic Plain Skyr Yogurt,12 X 4.4 OZ,$ 2 5.37,,DAYOGURTNS3A | Organic Plain Skyr Yogurt | 12 X 4.4 OZ | $ 2 5.37 | ,
parse_error,Cannot parse price: ,8,0,91,left,DAYOGURTNS5A,Org Whole Milk Black Currant & Blood Orange Skyr,12 X 4.4 OZ,$ 2 5.58,,DAYOGURTNS5A | Org Whole Milk Black Currant & Blood Orange Skyr | 12 X 4.4 OZ | $ 2 5.58 | ,
parse_error,Cannot parse price: ,8,0,92,left,DAYOGURTNS6A,Organic Plain Whole Milk Skyr Yogurt,12 X 4.4 OZ,$ 2 5.58,,DAYOGURTNS6A | Organic Plain Whole Milk Skyr Yogurt | 12 X 4.4 OZ | $ 2 5.58 | ,
parse_error,Cannot parse price: ,8,0,93,left,DAYOGURTNS7A,Organic Whole Milk Raspberry & Rosewater Skyr,12 X 4.4 OZ,$ 2 5.58,,DAYOGURTNS7A | Organic Whole Milk Raspberry & Rosewater Skyr | 12 X 4.4 OZ | $ 2 5.58 | ,
parse_error,Cannot parse price: ,8,0,94,left,DAYOGURTNS8A,Organic Whole Milk Vanilla & Chamomile Skyr,12 X 4.4 OZ,$ 2 5.58,,DAYOGURTNS8A | Organic Whole Milk Vanilla & Chamomile Skyr | 12 X 4.4 OZ | $ 2 5.58 | ,
parse_error,Missing code or description,8,0,95,left,,LA FERMIERE YOGURT (CT),,,, | LA FERMIERE YOGURT (CT) |  |  | ,
parse_error,Cannot parse price: ,8,0,96,left,PADESSERT,La Fermière - Crème Chocolate French Dessert,6 X 4.4 OZ,$ 1 3.50,,PADESSERT | La Fermière - Crème Chocolate French Dessert | 6 X 4.4 OZ | $ 1 3.50 | ,
parse_error,Cannot parse price: ,8,0,97,left,PADESSERT1,La Fermière - Crème Vanilla French Dessert,6 X 4.4 OZ,$ 1 3.50,,PADESSERT1 | La Fermière - Crème Vanilla French Dessert | 6 X 4.4 OZ | $ 1 3.50 | ,
parse_error,Cannot parse price: ,8,0,98,left,PADESSERT2,La Fermière - Crème Caramel French Dessert,6 X 4.4 OZ,$ 1 3.50,,PADESSERT2 | La Fermière - Crème Caramel French Dessert | 6 X 4.4 OZ | $ 1 3.50 | ,
parse_error,Cannot parse price: ,8,0,99,left,PADESSERT3,La Fermière - Crème Cafe French Dessert,6 X 4.4 OZ,$ 1 3.50,,PADESSERT3 | La Fermière - Crème Cafe French Dessert | 6 X 4.4 OZ | $ 1 3.50 | ,
parse_error,Cannot parse price: ,8,0,100,left,PAYOGURT4,La Fermière - Vanilla Bean Yogurt,6 X 4.9 OZ,$ 1 2.00,,PAYOGURT4 | La Fermière - Vanilla Bean Yogurt | 6 X 4.9 OZ | $ 1 2.00 | ,
parse_error,Cannot parse price: ,8,0,101,left,PAYOGURT4A,La Fermière - Lemon Yogurt,6 X 4.9 OZ,$ 1 2.00,,PAYOGURT4A | La Fermière - Lemon Yogurt | 6 X 4.9 OZ | $ 1 2.00 | ,
parse_error,Cannot parse price: ,8,0,102,left,PAYOGURT4B,La Fermière - Raspberry Blueberry Yogurt,6 X 5.6 OZ,$ 1 2.00,,PAYOGURT4B | La Fermière - Raspberry Blueberry Yogurt | 6 X 5.6 OZ | $ 1 2.00 | ,
parse_error,Cannot parse price: ,8,0,103,left,PAYOGURT4C,La Fermière - Mango Passion Fruit Yogurt,6 X 5.6 OZ,$ 1 4.00,,PAYOGURT4C | La Fermière - Mango Passion Fruit Yogurt | 6 X 5.6 OZ | $ 1 4.00 | ,
parse_error,Cannot parse price: ,8,0,104,left,PAYOGURT4D,La Fermière - Pineapple Coconut Yogurt,6 X 5.6 OZ,$ 1 4.00,,PAYOGURT4D | La Fermière - Pineapple Coconut Yogurt | 6 X 5.6 OZ | $ 1 4.00 | ,
parse_error,Cannot parse price: ,8,0,105,left,PAYOGURT4H,La Fermière - Orange Blossom Honey Yogurt,6 X 4.9 OZ,$ 1 2.00,,PAYOGURT4H | La Fermière - Orange Blossom Honey Yogurt | 6 X 4.9 OZ | $ 1 2.00 | ,
parse_error,Cannot parse price: ,8,0,106,left,PAYOGURT4I,La Fermière - Peach Apricot Yogurt,6 X 4.9 OZ,$ 1 2.00,,PAYOGURT4I | La Fermière - Peach Apricot Yogurt | 6 X 4.9 OZ | $ 1 2.00 | ,
parse_error,Cannot parse price: ,8,0,107,left,PAYOGURT4P,La Fermière - Plain Yogurt,6 X 5.6 OZ,$ 1 2.00,,PAYOGURT4P | La Fermière - Plain Yogurt | 6 X 5.6 OZ | $ 1 2.00 | ,
parse_error,Cannot parse price: ,8,0,108,left,PAYOGURT4Q,La Fermière - Rose Yogurt,6 X 4.9 OZ,$ 1 2.00,,PAYOGURT4Q | La Fermière - Rose Yogurt | 6 X 4.9 OZ | $ 1 2.00 | ,
parse_error,Cannot parse price: ,8,0,109,left,PAYOGURT4T,La Fermière - Hibiscus Raspberry Yogurt,6 x 5.6 oz,$ 1 2.00,,PAYOGURT4T | La Fermière - Hibiscus Raspberry Yogurt | 6 x 5.6 oz | $ 1 2.00 | ,
parse_error,Missing code or description,8,0,110,left,,RONNYBROOK DAIRY,,,, | RONNYBROOK DAIRY |  |  | ,
parse_error,Cannot parse price: ,8,0,111,left,PAYOGURT,Ronnybrook Dairy - Plain Yogurt,12 X 6 OZ,$ 1 7.00,,PAYOGURT | Ronnybrook Dairy - Plain Yogurt | 12 X 6 OZ | $ 1 7.00 | ,
parse_error,Cannot parse price: ,8,0,112,left,PAYOGURT1,Ronnybrook Dairy - Vanilla Yogurt,12 X 6 OZ,$ 1 7.00,,PAYOGURT1 | Ronnybrook Dairy - Vanilla Yogurt | 12 X 6 OZ | $ 1 7.00 | ,
parse_error,Cannot parse price: ,8,0,113,left,PAYOGURT1A,Ronnybrook Dairy - Strawberry Yogurt,12 X 6 OZ,$ 1 7.00,,PAYOGURT1A | Ronnybrook Dairy - Strawberry Yogurt | 12 X 6 OZ | $ 1 7.00 | ,
parse_error,Cannot parse price: ,8,0,114,left,PAYOGURT1B,Ronnybrook Dairy - Peach Yogurt,12 X 6 OZ,$ 1 7.00,,PAYOGURT1B | Ronnybrook Dairy - Peach Yogurt | 12 X 6 OZ | $ 1 7.00 | ,
parse_error,Cannot parse price: ,8,0,115,left,PAYOGURT1C,Ronnybrook Dairy - Coconut Yogurt,12 X 6 OZ,$ 1 7.00,,PAYOGURT1C | Ronnybrook Dairy - Coconut Yogurt | 12 X 6 OZ | $ 1 7.00 | ,
parse_error,Cannot parse price: ,8,0,116,left,PAYOGURT1D,Ronnybrook Dairy - Maple Vanilla Yogurt,12 X 6 OZ,$ 1 7.00,,PAYOGURT1D | Ronnybrook Dairy - Maple Vanilla Yogurt | 12 X 6 OZ | $ 1 7.00 | ,
parse_error,Cannot parse price: ,8,0,117,left,PAYOGURT1E,Ronnybrook Dairy - Plain Yogurt,32 oz,$ 6 .20,,PAYOGURT1E | Ronnybrook Dairy - Plain Yogurt | 32 oz | $ 6 .20 | ,
parse_error,Cannot parse price: ,8,0,118,left,PAYOGURT1H,Ronnybrook Dairy - Vanilla Yogurt,32 oz,$ 6 .20,,PAYOGURT1H | Ronnybrook Dairy - Vanilla Yogurt | 32 oz | $ 6 .20 | ,
parse_error,Cannot parse price: ,8,0,119,left,PAYOGURT1L,Ronnybrook Dairy - Drinkable Blackberry Yogurt,12 X 12 OZ,$ 2 5.00,,PAYOGURT1L | Ronnybrook Dairy - Drinkable Blackberry Yogurt | 12 X 12 OZ | $ 2 5.00 | ,
parse_error,Cannot parse price: ,8,0,120,left,PAYOGURT1M,Ronnybrook Dairy - Drinkable Peach Yogurt,12 X 12 OZ,$ 2 5.00,,PAYOGURT1M | Ronnybrook Dairy - Drinkable Peach Yogurt | 12 X 12 OZ | $ 2 5.00 | ,
parse_error,Cannot parse price: ,8,0,121,left,PAYOGURT1N,Ronnybrook Dairy - Drinkable Strawberry Yogurt,12 X 12 OZ,$ 2 5.00,,PAYOGURT1N | Ronnybrook Dairy - Drinkable Strawberry Yogurt | 12 X 12 OZ | $ 2 5.00 | ,
parse_error,Cannot parse price: ,8,0,122,left,PAYOGURT1O,Ronnybrook Dairy - Drinkable Mango Yogurt,12 X 12 OZ,$ 2 5.00,,PAYOGURT1O | Ronnybrook Dairy - Drinkable Mango Yogurt | 12 X 12 OZ | $ 2 5.00 | ,
parse_error,Cannot parse price: ,8,0,123,left,PAYOGURT1P,Ronnybrook Dairy - Drinkable Blueberry Pom Yogurt,12 X 12 OZ,$ 2 5.00,,PAYOGURT1P | Ronnybrook Dairy - Drinkable Blueberry Pom Yogurt | 12 X 12 OZ | $ 2 5.00 | ,
parse_error,Missing code or description,8,0,124,left,,STONYFIELD,,,, | STONYFIELD |  |  | ,
parse_error,Cannot parse price: ,8,0,125,left,DAYOGURTS,Stonyfield - Organic Greek Yogurt 0%,6 X 32 OZ,$ 5 6.49,,DAYOGURTS | Stonyfield - Organic Greek Yogurt 0% | 6 X 32 OZ | $ 5 6.49 | ,
parse_error,Cannot parse price: ,8,0,126,left,DAYOGURTS1,Stonyfield - Organic Low Fat Plain Yogurt,6 X 32 OZ,$ 3 4.29,,DAYOGURTS1 | Stonyfield - Organic Low Fat Plain Yogurt | 6 X 32 OZ | $ 3 4.29 | ,
parse_error,Cannot parse price: ,8,0,127,left,DAYOGURTSV1,Stonyfield - Organic Vanilla Yogurt,6 X 32 OZ,#N/A,,DAYOGURTSV1 | Stonyfield - Organic Vanilla Yogurt | 6 X 32 OZ | #N/A | ,
parse_error,Missing code or description,8,0,128,left,,"REFRIDGERATED COFFEES, TEAS & KOMBUCHA",,,," | REFRIDGERATED COFFEES, TEAS & KOMBUCHA |  |  | ",
parse_error,Cannot parse price: ,8,0,129,left,ASIAQ6,Copra - Organic Coconut Water,6 X 16 OZ,$ 2 0.07,,ASIAQ6 | Copra - Organic Coconut Water | 6 X 16 OZ | $ 2 0.07 | ,
parse_error,Cannot parse price: ,8,0,130,left,BEV21,Grady's Cold Brew - Cold Brew Coffee,6 X 16 OZ,$ 3 6.97,,BEV21 | Grady's Cold Brew - Cold Brew Coffee | 6 X 16 OZ | $ 3 6.97 | ,
parse_error,Cannot parse price: ,8,0,131,left,BEV24,Grady's Cold Brew - Lil Easy Cold Brew Coffee,12 X 8 OZ,$ 3 6.72,,BEV24 | Grady's Cold Brew - Lil Easy Cold Brew Coffee | 12 X 8 OZ | $ 3 6.72 | ,
parse_error,Cannot parse price: ,8,0,132,left,BEVCO7,Partners Coffee - Cold Brew Coffee,12 X 12 OZ,#N/A,,BEVCO7 | Partners Coffee - Cold Brew Coffee | 12 X 12 OZ | #N/A | ,
parse_error,Cannot parse price: ,8,0,133,left,BEVCON,Atomic Coffee Roasters - Nitro Cold Brew Coffee,12 X 12 OZ,$ 3 6.80,,BEVCON | Atomic Coffee Roasters - Nitro Cold Brew Coffee | 12 X 12 OZ | $ 3 6.80 | ,
parse_error,Cannot parse price: ,8,0,134,left,BEVKH,HEALTH-ADE | USA - Organic Pink Lady Apple Kombucha,12 X 16 OZ,$ 3 7.00,,BEVKH | HEALTH-ADE | USA - Organic Pink Lady Apple Kombucha | 12 X 16 OZ | $ 3 7.00 | ,
parse_error,Cannot parse price: ,8,0,135,left,BEVKH1,HEALTH-ADE | USA - Organic Ginger Lemon Kombucha,12 X 16 OZ,$ 3 7.00,,BEVKH1 | HEALTH-ADE | USA - Organic Ginger Lemon Kombucha | 12 X 16 OZ | $ 3 7.00 | ,
parse_error,Cannot parse price: ,9,0,1,left,BEVKH2,HEALTH-ADE | USA - Organic Passionfruit-tangerine Kombucha,12 X 16 OZ,$ 3 7.00,,BEVKH2 | HEALTH-ADE | USA - Organic Passionfruit-tangerine Kombucha | 12 X 16 OZ | $ 3 7.00 | ,
parse_error,Cannot parse price: ,9,0,2,left,BEVKH3,HEALTH-ADE | USA - Organic Pomegranate Kombucha,12 X 16 OZ,$ 3 7.00,,BEVKH3 | HEALTH-ADE | USA - Organic Pomegranate Kombucha | 12 X 16 OZ | $ 3 7.00 | ,
parse_error,Cannot parse price: ,9,0,3,left,BEVKH4,HEALTH-ADE | USA - Organic Berry Lemonade Kombucha,12 X 16 OZ,$ 3 7.00,,BEVKH4 | HEALTH-ADE | USA - Organic Berry Lemonade Kombucha | 12 X 16 OZ | $ 3 7.00 | ,
parse_error,Cannot parse price: ,9,0,4,left,BEVKH5,HEALTH-ADE | USA - Organic Strawberry Glow Kombucha,12 X 16 OZ,$ 3 7.00,,BEVKH5 | HEALTH-ADE | USA - Organic Strawberry Glow Kombucha | 12 X 16 OZ | $ 3 7.00 | ,
parse_error,Cannot parse price: ,9,0,5,left,BEVKH,HEALTH-ADE | USA - Organic Pink Lady Apple Kombucha,12 X 16 OZ,$ 3 7.00,,BEVKH | HEALTH-ADE | USA - Organic Pink Lady Apple Kombucha | 12 X 16 OZ | $ 3 7.00 | ,
parse_error,Cannot parse price: ,9,0,6,left,BEVKH1,HEALTH-ADE | USA - Organic Ginger Lemon Kombucha,12 X 16 OZ,$ 3 7.00,,BEVKH1 | HEALTH-ADE | USA - Organic Ginger Lemon Kombucha | 12 X 16 OZ | $ 3 7.00 | ,
parse_error,Cannot parse price: ,9,0,7,left,BEVKH2,HEALTH-ADE | USA - Organic Passionfruit-tangerine Kombucha,12 X 16 OZ,$ 3 7.00,,BEVKH2 | HEALTH-ADE | USA - Organic Passionfruit-tangerine Kombucha | 12 X 16 OZ | $ 3 7.00 | ,
parse_error,Cannot parse price: ,9,0,8,left,BEVKH3,HEALTH-ADE | USA - Organic Pomegranate Kombucha,12 X 16 OZ,$ 3 7.00,,BEVKH3 | HEALTH-ADE | USA - Organic Pomegranate Kombucha | 12 X 16 OZ | $ 3 7.00 | ,
parse_error,Cannot parse price: ,9,0,9,left,BEVKH4,HEALTH-ADE | USA - Organic Berry Lemonade Kombucha,12 X 16 OZ,$ 3 7.00,,BEVKH4 | HEALTH-ADE | USA - Organic Berry Lemonade Kombucha | 12 X 16 OZ | $ 3 7.00 | ,
parse_error,Cannot parse price: ,9,0,10,left,BEVKH5,HEALTH-ADE | USA - Organic Strawberry Glow Kombucha,12 X 16 OZ,$ 3 7.00,,BEVKH5 | HEALTH-ADE | USA - Organic Strawberry Glow Kombucha | 12 X 16 OZ | $ 3 7.00 | ,
parse_error,Cannot parse price: ,9,0,11,left,BEVKF,Turmeric & Ginger Kombucha,12 X 16 OZ,$ 4 9.00,,BEVKF | Turmeric & Ginger Kombucha | 12 X 16 OZ | $ 4 9.00 | ,
parse_error,Cannot parse price: ,9,0,12,left,BEVKF1,"Mango, Tamarind, Chile de Arbol Kombucha",12 X 16 OZ,#N/A,,"BEVKF1 | Mango, Tamarind, Chile de Arbol Kombucha | 12 X 16 OZ | #N/A | ",
parse_error,Cannot parse price: ,9,0,13,left,BEVKF2,"Heirloom Carrot, Passion Fruit, Lime Leaf Kombucha",12 X 16 OZ,$ 4 9.00,,"BEVKF2 | Heirloom Carrot, Passion Fruit, Lime Leaf Kombucha | 12 X 16 OZ | $ 4 9.00 | ",
parse_error,Cannot parse price: ,9,0,14,left,BEVST3,Stumptown Coffee Roasters - Cold Brew Concentrate,6 X 64 OZ,$ 1 73.25,,BEVST3 | Stumptown Coffee Roasters - Cold Brew Concentrate | 6 X 64 OZ | $ 1 73.25 | ,
parse_error,Cannot parse price: ,9,0,15,left,BEVST4,Stumptown Coffee Roasters - Original Cold Brew with Oatly,12 X 11 OZ,$ 3 7.00,,BEVST4 | Stumptown Coffee Roasters - Original Cold Brew with Oatly | 12 X 11 OZ | $ 3 7.00 | ,
parse_error,Cannot parse price: ,9,0,16,left,BEVST5,Stumptown Coffee Roasters - Chocolate Cold Brew with Oatly,12 X 11 OZ,$ 3 7.00,,BEVST5 | Stumptown Coffee Roasters - Chocolate Cold Brew with Oatly | 12 X 11 OZ | $ 3 7.00 | ,
parse_error,Cannot parse price: ,9,0,17,left,BEVST6,Stumptown Coffee Roasters - Horchata Cold Brew with Oatly,12 X 11 OZ,$ 3 7.00,,BEVST6 | Stumptown Coffee Roasters - Horchata Cold Brew with Oatly | 12 X 11 OZ | $ 3 7.00 | ,
parse_error,Cannot parse price: ,9,0,18,left,BEVTH,Harney & Sons - Organic Black Iced Tea,12 X 16 OZ,$ 2 1.57,,BEVTH | Harney & Sons - Organic Black Iced Tea | 12 X 16 OZ | $ 2 1.57 | ,
parse_error,Cannot parse price: ,9,0,19,left,BEVTH1,Harney & Sons - Bottled Organic Green Citrus Iced Tea,12 X 16 OZ,$ 2 1.57,,BEVTH1 | Harney & Sons - Bottled Organic Green Citrus Iced Tea | 12 X 16 OZ | $ 2 1.57 | ,
parse_error,Cannot parse price: ,9,0,20,left,BEVTH2,Harney & Sons - Bottled Organic Peach Iced Tea,12 X 16 OZ,$ 2 1.57,,BEVTH2 | Harney & Sons - Bottled Organic Peach Iced Tea | 12 X 16 OZ | $ 2 1.57 | ,
parse_error,Cannot parse price: ,9,0,21,left,BEVTHA1,Harney & Sons - Supreme Egyptian Chamomile Tea,6 X 18 CT,$ 3 6.95,,BEVTHA1 | Harney & Sons - Supreme Egyptian Chamomile Tea | 6 X 18 CT | $ 3 6.95 | ,
parse_error,Cannot parse price: ,9,0,22,left,BEVTHA2,Harney & Sons - Supreme Earl Grey Tea,6 X 20 CT,$ 4 0.76,,BEVTHA2 | Harney & Sons - Supreme Earl Grey Tea | 6 X 20 CT | $ 4 0.76 | ,
parse_error,Cannot parse price: ,9,0,23,left,BEVTHA3,Harney & Sons - Japanese Green Sencha Tea,6 X 20 CT,$ 5 4.26,,BEVTHA3 | Harney & Sons - Japanese Green Sencha Tea | 6 X 20 CT | $ 5 4.26 | ,
parse_error,Cannot parse price: ,9,0,24,left,BEVTHA5,Harney & Sons - Organic Rooibos Chai Tea Organic,6 X 20 CT,$ 4 0.76,,BEVTHA5 | Harney & Sons - Organic Rooibos Chai Tea Organic | 6 X 20 CT | $ 4 0.76 | ,
parse_error,Cannot parse price: ,9,0,25,left,BEVTHA6,Harney & Sons - Dragon Pearl Jasmine Tea,6 X 20 CT,$ 6 0.12,,BEVTHA6 | Harney & Sons - Dragon Pearl Jasmine Tea | 6 X 20 CT | $ 6 0.12 | ,
parse_error,Cannot parse price: ,9,0,26,left,BEVTHA7,Harney & Sons - Organic English Breakfast Tea,6 X 20 CT,$ 4 0.76,,BEVTHA7 | Harney & Sons - Organic English Breakfast Tea | 6 X 20 CT | $ 4 0.76 | ,
parse_error,Cannot parse price: ,9,0,27,left,BEVVTCW,Vita Coco - Pure Coconut Water,12 X 1 LT,$ 5 3.04,,BEVVTCW | Vita Coco - Pure Coconut Water | 12 X 1 LT | $ 5 3.04 | ,
parse_error,Missing code or description,9,0,28,left,,PROTEIN,,,, | PROTEIN |  |  | ,
parse_error,Missing code or description,9,0,29,left,,JOYCE FARMS,,,, | JOYCE FARMS |  |  | ,
parse_error,Cannot parse price: ,9,0,30,left,MEBNGG12,Joyce Farms - Grass Fed Ground Beef,12 X 1 LB,$ 8 4.09,,MEBNGG12 | Joyce Farms - Grass Fed Ground Beef | 12 X 1 LB | $ 8 4.09 | ,
parse_error,Cannot parse price: ,9,0,31,left,MEBNGG8PS,Joyce Farms - Grass Fed Premium Steakburgers,20 X 8 OZ,$ 6 7.49,,MEBNGG8PS | Joyce Farms - Grass Fed Premium Steakburgers | 20 X 8 OZ | $ 6 7.49 | ,
parse_error,Cannot parse price: ,9,0,32,left,MEPO1JF,Joyce Farms - Naked Whole Natural Chicken,40 LB AVG | 12,P$C 3 .09,,MEPO1JF | Joyce Farms - Naked Whole Natural Chicken | 40 LB AVG | 12 | P$C 3 .09 | ,
parse_error,Cannot parse price: ,9,0,33,left,MEPO1JF1A,Joyce Farms - Naked Boneless Skinless Chicken Breast,8 LB AVG 8 PC,$ 6 .29,,MEPO1JF1A | Joyce Farms - Naked Boneless Skinless Chicken Breast | 8 LB AVG 8 PC | $ 6 .29 | ,
parse_error,Cannot parse price: ,9,0,34,left,MEPO1JF1B,Joyce Farms - Naked Boneless Skinless Chicken Thighs,8 LB AVG 8 PC,$ 4 .69,,MEPO1JF1B | Joyce Farms - Naked Boneless Skinless Chicken Thighs | 8 LB AVG 8 PC | $ 4 .69 | ,
parse_error,Cannot parse price: ,9,0,35,left,MEPO1JF1C,Joyce Farms - Naked Bone-In Chicken Breast,8.16 LB AVG,$ 6 .09,,MEPO1JF1C | Joyce Farms - Naked Bone-In Chicken Breast | 8.16 LB AVG | $ 6 .09 | ,
parse_error,Cannot parse price: ,9,0,36,left,MEPO1JF1D,Joyce Farms - Naked Bone-In Chicken Thighs,8 LB AVG,$ 2 .69,,MEPO1JF1D | Joyce Farms - Naked Bone-In Chicken Thighs | 8 LB AVG | $ 2 .69 | ,
parse_error,Cannot parse price: ,9,0,37,left,MEPO1JFGRL,Joyce Farms - Frozen Air Chilled Semi Boneless Poulet Rouge,13.5 LB AVG 6,PC$ 9 .49,,MEPO1JFGRL | Joyce Farms - Frozen Air Chilled Semi Boneless Poulet Rouge | 13.5 LB AVG 6 | PC$ 9 .49 | ,
parse_error,Missing code or description,9,0,38,left,,LA BELLE FARMS,,,, | LA BELLE FARMS |  |  | ,
parse_error,Cannot parse price: ,9,0,39,left,MEPO1BO,La Belle Farm - Organic Air Chilled Whole Chickens Retail Ready,30 LB AVG | 10,P$C 4 .89,,MEPO1BO | La Belle Farm - Organic Air Chilled Whole Chickens Retail Ready | 30 LB AVG | 10 | P$C 4 .89 | ,
parse_error,Cannot parse price: ,9,0,40,left,MEPO1BO1A,La Belle Farm - Organic Air Chilled Chicken Breast,10 LB AVG | 10,P$C 9 .49,,MEPO1BO1A | La Belle Farm - Organic Air Chilled Chicken Breast | 10 LB AVG | 10 | P$C 9 .49 | ,
parse_error,Cannot parse price: ,9,0,41,left,MEPO1BO1D,La Belle Farm - Organic Air Chilled Bone In Chicken Thighs,10 LB AVG | 10,P$C 4 .79,,MEPO1BO1D | La Belle Farm - Organic Air Chilled Bone In Chicken Thighs | 10 LB AVG | 10 | P$C 4 .79 | ,
parse_error,Cannot parse price: ,9,0,42,left,MEPO1BO1F,La Belle Farm - Organic Air Chilled Chicken Tenders,10 LB AVG | 10,PC #N/A,,MEPO1BO1F | La Belle Farm - Organic Air Chilled Chicken Tenders | 10 LB AVG | 10 | PC #N/A | ,
parse_error,Cannot parse price: ,9,0,43,left,MEPO1BO1G,La Belle Farm - Organic Air Chilled Whole Chicken Legs,10 LB AVG | 10,PC #N/A,,MEPO1BO1G | La Belle Farm - Organic Air Chilled Whole Chicken Legs | 10 LB AVG | 10 | PC #N/A | ,
parse_error,Cannot parse price: ,9,0,44,left,MEPO1BO1H,La Belle Farm - Organic Air Chilled Drumsticks,10 LB AVG | 10,PC #N/A,,MEPO1BO1H | La Belle Farm - Organic Air Chilled Drumsticks | 10 LB AVG | 10 | PC #N/A | ,
parse_error,Missing code or description,9,0,45,left,,BROOKLYN CURED,,,, | BROOKLYN CURED |  |  | ,
parse_error,Cannot parse price: ,9,0,46,left,SPMEATBC1,Brooklyn Cured - Pork Sausage Breakfast Links,8 X 9 OZ,$ 4 7.89,,SPMEATBC1 | Brooklyn Cured - Pork Sausage Breakfast Links | 8 X 9 OZ | $ 4 7.89 | ,
parse_error,Cannot parse price: ,9,0,47,left,SPMEATBC3,Brooklyn Cured - Sliced Chorizo,12 X 3 OZ,$ 6 2.79,,SPMEATBC3 | Brooklyn Cured - Sliced Chorizo | 12 X 3 OZ | $ 6 2.79 | ,
parse_error,Cannot parse price: ,9,0,48,left,SPMEATBC5,Brooklyn Cured - Sliced Finocchiona,12 X 3 OZ,$ 6 2.99,,SPMEATBC5 | Brooklyn Cured - Sliced Finocchiona | 12 X 3 OZ | $ 6 2.99 | ,
parse_error,Cannot parse price: ,9,0,49,left,SPMEATBC6,Brooklyn Cured - Sliced Hot Soppressata,12 X 3 OZ,$ 6 2.19,,SPMEATBC6 | Brooklyn Cured - Sliced Hot Soppressata | 12 X 3 OZ | $ 6 2.19 | ,
parse_error,Cannot parse price: ,9,0,50,left,SPMEATBC8,Brooklyn Cured - Sliced Sweet Soppressata,12 X 3 OZ,$ 6 2.99,,SPMEATBC8 | Brooklyn Cured - Sliced Sweet Soppressata | 12 X 3 OZ | $ 6 2.99 | ,
parse_error,Missing code or description,9,0,51,left,,WONDER MEATS,,,, | WONDER MEATS |  |  | ,
parse_error,Cannot parse price: ,9,0,52,left,MEBE3U8A,Wonder Meats - Premium Angus Beef Burger,20 X 8 OZ,$ 5 5.29,,MEBE3U8A | Wonder Meats - Premium Angus Beef Burger | 20 X 8 OZ | $ 5 5.29 | ,
parse_error,Cannot parse price: ,9,0,53,left,MEBE3UA2,Wonder Meats - Chef Special Slider Hamburgers,80 X 2 OZ,$ 5 0.39,,MEBE3UA2 | Wonder Meats - Chef Special Slider Hamburgers | 80 X 2 OZ | $ 5 0.39 | ,
parse_error,Cannot parse price: ,9,0,54,left,MEBE3UA4,Wonder Meats - Chef Special Hamburgers,40 X 4 OZ,$ 5 0.39,,MEBE3UA4 | Wonder Meats - Chef Special Hamburgers | 40 X 4 OZ | $ 5 0.39 | ,
parse_error,Cannot parse price: ,9,0,55,left,MEBE3UA8,Wonder Meats - Chef Special Hamburgers,20 X 8 OZ,$ 5 0.49,,MEBE3UA8 | Wonder Meats - Chef Special Hamburgers | 20 X 8 OZ | $ 5 0.49 | ,
parse_error,Cannot parse price: ,9,0,56,left,MEBE3UB8FLA,TWonder Meats - Super Flat Brisket Blend Hamburgers,20 X 8 OZ,$ 6 4.79,,MEBE3UB8FLA | TWonder Meats - Super Flat Brisket Blend Hamburgers | 20 X 8 OZ | $ 6 4.79 | ,
parse_error,Missing code or description,9,0,57,left,,SCHALLER & WEBER,,,, | SCHALLER & WEBER |  |  | ,
parse_error,Cannot parse price: ,9,0,58,left,MESMSW29,Schaller & Weber - Cooked Bratwurst Sausage 3.2 OZ,12 X 12 OZ,$ 7 6.99,,MESMSW29 | Schaller & Weber - Cooked Bratwurst Sausage 3.2 OZ | 12 X 12 OZ | $ 7 6.99 | ,
parse_error,Cannot parse price: ,9,0,59,left,MESMSW30,Schaller & Weber - Cooked Knackwurst Sausage 4 OZ,12 X 11.5 OZ,$ 7 4.09,,MESMSW30 | Schaller & Weber - Cooked Knackwurst Sausage 4 OZ | 12 X 11.5 OZ | $ 7 4.09 | ,
parse_error,Cannot parse price: ,9,0,60,left,MESMSW31,Schaller & Weber - Cooked Bockwurst Sausage 4 OZ,12 X 12 OZ,$ 8 0.79,,MESMSW31 | Schaller & Weber - Cooked Bockwurst Sausage 4 OZ | 12 X 12 OZ | $ 8 0.79 | ,
parse_error,Cannot parse price: ,9,0,61,left,MESMSW32,Schaller & Weber - Cooked Nurnberger Sausage,12 X 11.5 OZ,$ 7 9.99,,MESMSW32 | Schaller & Weber - Cooked Nurnberger Sausage | 12 X 11.5 OZ | $ 7 9.99 | ,
parse_error,Cannot parse price: ,9,0,62,left,MESMSW34,Schaller & Weber - Cooked Andouille Sausage 3.2 OZ,12 X 12 OZ,$ 7 2.09,,MESMSW34 | Schaller & Weber - Cooked Andouille Sausage 3.2 OZ | 12 X 12 OZ | $ 7 2.09 | ,
parse_error,Cannot parse price: ,9,0,63,left,MESMSW36,Schaller & Weber - Cooked Bangers Sausage,12 X 12 OZ,#N/A,,MESMSW36 | Schaller & Weber - Cooked Bangers Sausage | 12 X 12 OZ | #N/A | ,
parse_error,Cannot parse price: ,9,0,64,left,MESMSW38,Schaller & Weber - Cheddar Bratwurst Cooked,12 X 12 OZ,$ 8 2.29,,MESMSW38 | Schaller & Weber - Cheddar Bratwurst Cooked | 12 X 12 OZ | $ 8 2.29 | ,
parse_error,Cannot parse price: ,9,0,65,left,MESMSW91,Schaller & Weber - Beef Salami w/ Butterkase Cheese Snack Tray,12 X 2 OZ,#N/A,,MESMSW91 | Schaller & Weber - Beef Salami w/ Butterkase Cheese Snack Tray | 12 X 2 OZ | #N/A | ,
parse_error,Missing code or description,9,0,66,left,,NORTH COUNTRY,,,, | NORTH COUNTRY |  |  | ,
parse_error,Cannot parse price: ,9,0,67,left,MESM1AB,North Country Smokehouse - Smoked Fruitwood Bacon,12 X 12 OZ,$ 8 2.99,,MESM1AB | North Country Smokehouse - Smoked Fruitwood Bacon | 12 X 12 OZ | $ 8 2.99 | ,
parse_error,Cannot parse price: ,9,0,68,left,MESMN5,North Country Smokehouse - Organic Smoked Sliced Bacon,16 X 8 OZ,$ 9 9.59,,MESMN5 | North Country Smokehouse - Organic Smoked Sliced Bacon | 16 X 8 OZ | $ 9 9.59 | ,
parse_error,Cannot parse price: ,9,0,69,left,MESMOR1,North Country Smokehouse - Organic Deli Sliced Black Forest Ham,6 OZ,$ 7 .69,,MESMOR1 | North Country Smokehouse - Organic Deli Sliced Black Forest Ham | 6 OZ | $ 7 .69 | ,
parse_error,Cannot parse price: ,9,0,70,left,MESMOR3,North Country Smokehouse - Deli Sliced Organic Oven Roasted Turkey,6 OZ,$ 6 .09,,MESMOR3 | North Country Smokehouse - Deli Sliced Organic Oven Roasted Turkey | 6 OZ | $ 6 .09 | ,
parse_error,Missing code or description,9,0,71,left,,MAESTRI,,,, | MAESTRI |  |  | ,
parse_error,Cannot parse price: ,9,0,72,left,SPMEATM1,Maestri - Sliced Prosciutto Italiano,1 LB,$ 1 8.79,,SPMEATM1 | Maestri - Sliced Prosciutto Italiano | 1 LB | $ 1 8.79 | ,
parse_error,Cannot parse price: ,9,0,73,left,SPMEATM11,Maestri - Sliced Coppa Italiana,1 LB,$ 2 0.99,,SPMEATM11 | Maestri - Sliced Coppa Italiana | 1 LB | $ 2 0.99 | ,
parse_error,Cannot parse price: ,9,0,74,left,SPMEATM3,Maestri - Sliced Salame Rustico,1 LB,$ 1 8.79,,SPMEATM3 | Maestri - Sliced Salame Rustico | 1 LB | $ 1 8.79 | ,
parse_error,Cannot parse price: ,9,0,75,left,SPMEATM5,Maestri - Sliced Serrano Ham,1 LB,$ 1 8.69,,SPMEATM5 | Maestri - Sliced Serrano Ham | 1 LB | $ 1 8.69 | ,
parse_error,Missing code or description,9,0,76,left,,HOUSE FOODS (Protein Alternative),,,, | HOUSE FOODS (Protein Alternative) |  |  | ,
parse_error,Cannot parse price: ,9,0,77,left,TOFU,House Foods - Firm Tofu,12 X 14 OZ,$ 1 9.49,,TOFU | House Foods - Firm Tofu | 12 X 14 OZ | $ 1 9.49 | ,
parse_error,Cannot parse price: ,9,0,78,left,TOFU1C,House Foods - Extra Firm Tofu,12 X 12 OZ,$ 2 0.39,,TOFU1C | House Foods - Extra Firm Tofu | 12 X 12 OZ | $ 2 0.39 | ,
parse_error,Missing code or description,9,0,79,left,,"Dried Fruit, Nuts & Bars",,,," | Dried Fruit, Nuts & Bars |  |  | ",
parse_error,Cannot parse price: ,9,0,80,left,BARK3,"Kind - Dark Chocolate, Nuts & Sea Salt Bar",12 X 1.4 OZ,$ 2 7.47,,"BARK3 | Kind - Dark Chocolate, Nuts & Sea Salt Bar | 12 X 1.4 OZ | $ 2 7.47 | ",
parse_error,Cannot parse price: ,9,0,81,left,SEED1CS,Seed + Mill - Dark Chocolate & Sea Salt Halva,12 X 8 OZ,$ 1 04.90,,SEED1CS | Seed + Mill - Dark Chocolate & Sea Salt Halva | 12 X 8 OZ | $ 1 04.90 | ,
parse_error,Cannot parse price: ,9,0,82,left,SEED2CS,Seed + Mill - Pistachio Halva,12 X 8 OZ,$ 1 04.90,,SEED2CS | Seed + Mill - Pistachio Halva | 12 X 8 OZ | $ 1 04.90 | ,
parse_error,Cannot parse price: ,9,0,83,left,SEED6CS,Seed + Mill - Chocolate Coconut Halva,12 X 8 OZ,$ 1 04.90,,SEED6CS | Seed + Mill - Chocolate Coconut Halva | 12 X 8 OZ | $ 1 04.90 | ,
parse_error,Cannot parse price: ,9,0,84,left,SEED88,88 Acres - Dark Chocolate Sea Salt Seed & Oat Bar,54 X 1.6 OZ,$ 7 5.00,,SEED88 | 88 Acres - Dark Chocolate Sea Salt Seed & Oat Bar | 54 X 1.6 OZ | $ 7 5.00 | ,
parse_error,Cannot parse price: ,9,0,85,left,SEED882,88 Acres - Blueberry Lemon Seed & Oat Bar,54 X 1.6 OZ,$ 7 5.00,,SEED882 | 88 Acres - Blueberry Lemon Seed & Oat Bar | 54 X 1.6 OZ | $ 7 5.00 | ,
parse_error,Cannot parse price: ,9,0,86,left,SEED883,88 Acres - Oatmeal Chocolate Chip Seed & Oat Bar,54 X 1.6 OZ,$ 7 5.00,,SEED883 | 88 Acres - Oatmeal Chocolate Chip Seed & Oat Bar | 54 X 1.6 OZ | $ 7 5.00 | ,
parse_error,Cannot parse price: ,9,0,87,left,SPFR1BN,Bazzini - Cranberry Nut Mix,12 X 2 OZ,$ 1 2.91,,SPFR1BN | Bazzini - Cranberry Nut Mix | 12 X 2 OZ | $ 1 2.91 | ,
parse_error,Cannot parse price: ,9,0,88,left,SPNU12B,Bazzini - Honey Roasted Cashews,12 X 1.5 OZ,$ 1 1.97,,SPNU12B | Bazzini - Honey Roasted Cashews | 12 X 1.5 OZ | $ 1 1.97 | ,
parse_error,Cannot parse price: ,9,0,89,left,SPNU12G,Bazzini - Salted Peanuts,12 X 3.5 OZ,$ 1 0.63,,SPNU12G | Bazzini - Salted Peanuts | 12 X 3.5 OZ | $ 1 0.63 | ,
parse_error,Cannot parse price: ,9,0,90,left,SPNU12H,Bazzini - Unsalted Cashews,12 X 1.25 OZ,$ 1 1.54,,SPNU12H | Bazzini - Unsalted Cashews | 12 X 1.25 OZ | $ 1 1.54 | ,
parse_error,Cannot parse price: ,9,0,91,left,SPNU12J,Bazzini - Natural Pistachios,12 X 1.25 OZ,$ 1 4.57,,SPNU12J | Bazzini - Natural Pistachios | 12 X 1.25 OZ | $ 1 4.57 | ,
parse_error,Cannot parse price: ,9,0,92,left,SPNU1I,Bazzini - Raw Almonds,12 X 1.25 OZ,$ 1 1.63,,SPNU1I | Bazzini - Raw Almonds | 12 X 1.25 OZ | $ 1 1.63 | ,
parse_error,Cannot parse price: ,9,0,93,left,SPNU2D,Bazzini - Raw Cashews,12 X 1.25 OZ,$ 1 1.60,,SPNU2D | Bazzini - Raw Cashews | 12 X 1.25 OZ | $ 1 1.60 | ,
parse_error,Cannot parse price: ,9,0,94,left,SPNU4C,Bazzini - Raw Mixed Nuts,12 X 1.25 OZ,$ 1 1.82,,SPNU4C | Bazzini - Raw Mixed Nuts | 12 X 1.25 OZ | $ 1 1.82 | ,
parse_error,Cannot parse price: ,9,0,95,left,SPNU5BCS,Bazzini - Natural Peanut Butter,12 X 1 LB,$ 5 4.09,,SPNU5BCS | Bazzini - Natural Peanut Butter | 12 X 1 LB | $ 5 4.09 | ,
parse_error,Cannot parse price: ,9,0,96,left,SPNU6D,Bazzini - Pecan Supreme,12 X 2 OZ,$ 1 1.63,,SPNU6D | Bazzini - Pecan Supreme | 12 X 2 OZ | $ 1 1.63 | ,
parse_error,Cannot parse price: ,9,0,97,left,SPNU8A,Bazzini - Natural Pistachios,12 X 1 LB,$ 1 10.74,,SPNU8A | Bazzini - Natural Pistachios | 12 X 1 LB | $ 1 10.74 | ,
