Page,Row,Code,Description,Pack,UOM,Price,Issue,Notes
1,1,URBAN ROOTS,,,,,Missing code or description,Fix and re-upload
1,1,URBAN ROOTS,,,,,Missing code or description,Fix and re-upload
1,16,WEEKLY HIGHLIGHTS - VEGGIES,,,,,Missing code or description,Fix and re-upload
1,16,WEEKLY HIGHLIGHTS - FRUIT,,,,,Missing code or description,Fix and re-upload
1,36,CONVENTIONAL APPLES,,,,,Missing code or description,Fix and re-upload
1,36,CONVENTIONAL LETTUCE & SALADS,,,,,Missing code or description,Fix and re-upload
1,37,A,ARUGULA 24 BUNCHED,24 CT,CTN,$ 2 9.50,Invalid SKU format: A,Fix and re-upload
1,73,CONVENTIONAL ARTICHOKES,,,,,Missing code or description,Fix and re-upload
1,77,CONVENTIONAL MANGOS,,,,,Missing code or description,Fix and re-upload
1,79,FRU13D2,MANGO CHUNKS NO LABEL 6X16 OZ,16 OZ,CTN,#N/A,Cannot parse price: #N/A,Fix and re-upload
1,84,CONVENTIONAL MELONS,,,,,Missing code or description,Fix and re-upload
1,86,CONVENTIONAL ASPARAGUS,,,,,Missing code or description,Fix and re-upload
1,95,CONVENTIONAL AVOCADOS,,,,,Missing code or description,Fix and re-upload
1,98,CONVENTIONAL MUSHROOMS,,,,,Missing code or description,Fix and re-upload
1,106,CONVENTIONAL BANANAS & PLANTAINS,,,,,Missing code or description,Fix and re-upload
1,119,CONVENTIONAL BEANS & PEAS,,,,,Missing code or description,Fix and re-upload
1,126,CONVENTIONAL ONIONS & GARLIC,,,,,Missing code or description,Fix and re-upload
2,8,CONVENTIONAL BERRIES,,,,,Missing code or description,Fix and re-upload
2,11,CONVENTIONAL PEARS,,,,,Missing code or description,Fix and re-upload
2,18,PR6A,PEARS FORELLE 1/2 CTN,20 LB,CTN,#N/A,Cannot parse price: #N/A,Fix and re-upload
2,20,CONVENTIONAL PEPPERS,,,,,Missing code or description,Fix and re-upload
2,35,CONVENTIONAL BROCCOLI,,,,,Missing code or description,Fix and re-upload
2,46,CONVENTIONAL PINEAPPLE,,,,,Missing code or description,Fix and re-upload
2,51,CONVENTIONAL BRUSSLES SPROUTS,,,,,Missing code or description,Fix and re-upload
2,57,CONVENTIONAL POTATOES,,,,,Missing code or description,Fix and re-upload
2,59,CONVENTIONAL CABBAGE,,,,,Missing code or description,Fix and re-upload
2,72,CONVENTIONAL CARROTS,,,,,Missing code or description,Fix and re-upload
2,85,CONVENTIONAL CAULIFLOWER,,,,,Missing code or description,Fix and re-upload
2,87,CONVENTIONAL RADDISHES,,,,,Missing code or description,Fix and re-upload
2,93,CONVENTIONAL ROOT VEGETABLES,,,,,Missing code or description,Fix and re-upload
2,96,CONVENTIONAL CELERY,,,,,Missing code or description,Fix and re-upload
2,101,CONVENTIONAL CHICORIES,,,,,Missing code or description,Fix and re-upload
2,104,H,HORSERADISH 5 LB,5 LB,EACH,$ 2 7.25,Invalid SKU format: H,Fix and re-upload
2,105,J,JICAMA 20 LB,20 LB,CTN,$ 3 6.00,Invalid SKU format: J,Fix and re-upload
2,110,CONVENTIONAL STONE FRUIT,,,,,Missing code or description,Fix and re-upload
2,112,APCOT0,APRICOTS 2 LAYERS,20LBS,CTN,#N/A,Cannot parse price: #N/A,Fix and re-upload
2,115,PCH90,DONUT PEACHES 2 LAYERS,20 LBS,CTN,#N/A,Cannot parse price: #N/A,Fix and re-upload
2,116,R,RADICCHIO 9 CT,9 CT,CTN,$ 1 9.50,Invalid SKU format: R,Fix and re-upload
2,121,CONVENTIONAL SQUASH & ZUCCHINI,,,,,Missing code or description,Fix and re-upload
2,125,R8D,J.MARCHINI FARMS ROSA CHICORY MIX,12 CT,CTN,#N/A,Cannot parse price: #N/A,Fix and re-upload
2,127,CONVENTIONAL CITRUS,,,,,Missing code or description,Fix and re-upload
2,135,L,LEMONS CHOICE 165 CT,165 CT,CTN,$ 3 4.75,Invalid SKU format: L,Fix and re-upload
2,135,CONVENTIONAL TOMATOS,,,,,Missing code or description,Fix and re-upload
3,12,L2B1,,12 X 2 LBS,CTN,$ 5 1.50,Missing code or description,Fix and re-upload
3,19,OR6AAC,,3 LB,CTN,$ 5 1.75,Missing code or description,Fix and re-upload
3,20,OR6AAD,,15 X 2 LBS,CTN,$ 7 7.75,Missing code or description,Fix and re-upload
3,21,OR6AAE,,4 X 5 LBS,CTN,$ 4 6.00,Missing code or description,Fix and re-upload
3,22,OR6AAR,,64-72 CT,CTN,$ 7 4.75,Missing code or description,Fix and re-upload
3,29,OR902M,SANGUINELLI BLOOD ORANGES 25LBS,25LBS,CTN,#N/A,Cannot parse price: #N/A,Fix and re-upload
3,30,CONVENTIONAL TROPICAL & SPECIALTY,,,,,Missing code or description,Fix and re-upload
3,36,CONVENTIONAL CORN,,,,,Missing code or description,Fix and re-upload
3,42,CONVENTIONAL CUCUMBERS,,,,,Missing code or description,Fix and re-upload
3,44,K,KIWI 1 LYR,36 CT,CTN,$ 2 1.25,Invalid SKU format: K,Fix and re-upload
3,47,LY1,RAMBUTAN 5 LB,5 LB,CTN,#N/A,Cannot parse price: #N/A,Fix and re-upload
3,54,CONVENTIONAL EGGPLANT,,,,,Missing code or description,Fix and re-upload
3,59,CONVENTIONAL FENNEL,,,,,Missing code or description,Fix and re-upload
3,61,CONVENTIONAL FIGS,,,,,Missing code or description,Fix and re-upload
3,62,CONVENTIONAL FRESH HERBS,,,,,Missing code or description,Fix and re-upload
3,79,CONVENTIONAL FRESH JUICE,,,,,Missing code or description,Fix and re-upload
3,127,CONVENTIONAL GINGER,,,,,Missing code or description,Fix and re-upload
3,129,CONVENTIONAL GRAPES,,,,,Missing code or description,Fix and re-upload
3,135,CONVENTIONAL LEAFY GREENS,,,,,Missing code or description,Fix and re-upload
4,4,W,WATERCRESS FRESH BUNCHED 24 CT B&W,24 CT,CTN,$ 3 5.25,Invalid SKU format: W,Fix and re-upload
4,6,CONVENTIONAL LEEKS,,,,,Missing code or description,Fix and re-upload
5,1,URBAN ROOTS,,,,,Missing code or description,Fix and re-upload
5,1,URBAN ROOTS,,,,,Missing code or description,Fix and re-upload
5,9,ORGANIC HIGHLIGHTS BERRIES & OTHER FRUIT,,,,,Missing code or description,Fix and re-upload
5,9,ORGANIC HIGHLIGHTS VEGETABLES,,,,,Missing code or description,Fix and re-upload
5,24,zgr4,GRAPEFRUIT 48 CT ORG,48 CT,CTN,$ 4 8.75,Invalid SKU format: zgr4,Fix and re-upload
5,26,ORGANIC APPLES,,,,,Missing code or description,Fix and re-upload
5,26,ORGANIC LETTUCE & SALADS,,,,,Missing code or description,Fix and re-upload
5,38,ORGANIC ARTICHOKES,,,,,Missing code or description,Fix and re-upload
5,40,ORGANIC ASPARAGUS,,,,,Missing code or description,Fix and re-upload
5,42,ORGANIC AVOCADOS,,,,,Missing code or description,Fix and re-upload
5,47,ORGANIC BANANAS & PLANTAINS,,,,,Missing code or description,Fix and re-upload
5,49,ORGANIC BEANS & PEAS,,,,,Missing code or description,Fix and re-upload
5,53,ORGANIC BERRIES,,,,,Missing code or description,Fix and re-upload
5,54,ZBE1CG,STRAWBERRIES 8X1 LB CALIFORNIA GIANT ORG,1 LB,CTN,#N/A,Cannot parse price: #N/A,Fix and re-upload
5,54,ORGANIC MELONS,,,,,Missing code or description,Fix and re-upload
5,56,ORGANIC MUSHROOMS,,,,,Missing code or description,Fix and re-upload
5,57,ZBE3CG,BLUEBERRIES 12X6 OZ CALIFORNIA GIANT ORG,6 OZ,CTN,#N/A,Cannot parse price: #N/A,Fix and re-upload
5,60,ORGANIC BROCCOLI,,,,,Missing code or description,Fix and re-upload
5,66,ORGANIC BRUSSLES SPROUTS,,,,,Missing code or description,Fix and re-upload
5,69,ORGANIC CABBAGE,,,,,Missing code or description,Fix and re-upload
5,69,ZMU933R,MUSH ENOKI 3.5 OZ CANADIAN ORG,3.5 OZ,EACH,#N/A,Cannot parse price: #N/A,Fix and re-upload
5,70,ZMU93A,MUSH ENOKI 24X3.5 OZ ORG,3.5 OZ,CTN,#N/A,Cannot parse price: #N/A,Fix and re-upload
5,74,ORGANIC ONIONS & GARLIC,,,,,Missing code or description,Fix and re-upload
5,75,ORGANIC CARROTS,,,,,Missing code or description,Fix and re-upload
5,85,ORGANIC PEARS,,,,,Missing code or description,Fix and re-upload
5,88,ORGANIC PEPPERS,,,,,Missing code or description,Fix and re-upload
5,91,ORGANIC CAULIFLOWER,,,,,Missing code or description,Fix and re-upload
5,92,ORGANIC CELERY,,,,,Missing code or description,Fix and re-upload
5,95,ORGANIC CHICORIES,,,,,Missing code or description,Fix and re-upload
5,97,ORGANIC CITRUS,,,,,Missing code or description,Fix and re-upload
5,98,ZGR3,GRAPEFRUIT 36 CT ORG,36 CT,CTN,#N/A,Cannot parse price: #N/A,Fix and re-upload
5,98,ORGANIC PINEAPPLE,,,,,Missing code or description,Fix and re-upload
5,101,ORGANIC POTATOES,,,,,Missing code or description,Fix and re-upload
5,109,ORGANIC CUCUMBERS,,,,,Missing code or description,Fix and re-upload
6,6,ORGANIC EGGPLANT,,,,,Missing code or description,Fix and re-upload
6,8,ORGANIC FENNEL,,,,,Missing code or description,Fix and re-upload
6,10,ORGANIC FRESH HERBS,,,,,Missing code or description,Fix and re-upload
6,11,ORGANIC RADDISHES,,,,,Missing code or description,Fix and re-upload
6,21,ORGANIC ROOT VEGETABLES,,,,,Missing code or description,Fix and re-upload
6,27,ORGANIC SQUASH & ZUCCHINI,,,,,Missing code or description,Fix and re-upload
6,33,ORGANIC FRESH & COLD PRESSED JUICE,,,,,Missing code or description,Fix and re-upload
6,33,ORGANIC TOMATOS,,,,,Missing code or description,Fix and re-upload
6,35,JU18H,JUICE ORANGE 6X16 OZ ORCHID ISLAND ORG,16 OZ,CTN,#N/A,Cannot parse price: #N/A,Fix and re-upload
6,44,ORGANIC TROPICAL & SPECIALTY,,,,,Missing code or description,Fix and re-upload
6,46,ORGANIC GINGER,,,,,Missing code or description,Fix and re-upload
6,46,CAL ORGANIC HIGHLIGHT,,,,,Missing code or description,Fix and re-upload
6,47,ZBR1,BROCCOLI 14 CT CALO ORG,14 CT,CTN,#N/A,Cannot parse price: #N/A,Fix and re-upload
6,50,ORGANIC GRAPES,,,,,Missing code or description,Fix and re-upload
6,53,ORGANIC LEAFY GREENS,,,,,Missing code or description,Fix and re-upload
6,63,ORGANIC LEEKS,,,,,Missing code or description,Fix and re-upload
7,2,,NEW ITEMS,,,,Missing code or description,Fix and re-upload
7,3,DAMILKN1EA,MILK WHOLE 1 GAL NEUTRAL FOODS,1 GAL,$ 5 .26,,Cannot parse price: ,Fix and re-upload
7,4,DAMILKN2EA,MILK SKIM 1 GAL NEUTRAL FOODS,1 GAL,$ 4 .57,,Cannot parse price: ,Fix and re-upload
7,5,DAMILKN3EA,MILK 2% 1 GAL NEUTRAL FOODS,1 GAL,$ 4 .60,,Cannot parse price: ,Fix and re-upload
7,6,DAMILKND33,MILK UNSWEETENED HAZELNUT 6X32 OZ ELMHURST LCL,6 x 32 OZ,$ 3 1.21,,Cannot parse price: ,Fix and re-upload
7,7,,SEASONAL APPLE CIDERS & JUICES,,,,Missing code or description,Fix and re-upload
7,8,CIDER0,CIDER APPLE 4X1 GAL RED JACKET LCL,4 x 1 GAL,$ 3 1.00,,Cannot parse price: ,Fix and re-upload
7,9,JUICE13,CIDER APPLE 6X12 OZ RED JACKET LCL,6 x 12oz,$ 1 0.50,,Cannot parse price: ,Fix and re-upload
7,10,JUICE29,JUICE APPLE FUJI 9X1/2 GAL RED JACKET LCL,9 z 1/2 GAL,$ 4 2.00,,Cannot parse price: ,Fix and re-upload
7,11,JUICE16,JUICE APPLE FUJI 8X32 OZ RED JACKET LCL,8 x 32oz,$ 2 9.00,,Cannot parse price: ,Fix and re-upload
7,12,JUICE9,JUICE APPLE STRAWBERRY 6X12 OZ RED JACKET LCL,6 x 12oz,$ 1 0.50,,Cannot parse price: ,Fix and re-upload
7,14,ARETHUSA FARM DAIRY,,,,,Missing code or description,Fix and re-upload
7,15,PABUTAR,Arethusa Farm Dairy - Cultured Butter with Sea Salt,12 X 8 OZ,$ 9 5.66,,Cannot parse price: ,Fix and re-upload
7,16,PAMILKAR1,Arethusa Farm Dairy - Whole Milk,9 X 1/2 GAL,$ 4 3.22,,Cannot parse price: ,Fix and re-upload
7,17,PAMILKAR2,Arethusa Farm Dairy - 2% Milk,9 X 1/2 GAL,$ 4 3.36,,Cannot parse price: ,Fix and re-upload
7,18,PAMILKAR3,Arethusa Farm Dairy - Whole Milk,12 X 16 OZ,$ 2 4.24,,Cannot parse price: ,Fix and re-upload
7,19,PAMILKAR4,Arethusa Farm Dairy - Chocolate Milk,12 X 16 OZ,$ 2 4.76,,Cannot parse price: ,Fix and re-upload
7,20,PAMILKAR6,Arethusa Farm Dairy - Sour Cream,6 X 16 OZ,$ 3 3.72,,Cannot parse price: ,Fix and re-upload
7,21,CLOVER FARMS DAIRY,,,,,Missing code or description,Fix and re-upload
7,22,DAMILK11CS,Clover Farms Dairy - Half & Half,12 X 1 QT,$ 3 0.11,,Cannot parse price: ,Fix and re-upload
7,23,DAMILK1CS,Clover Farms Dairy - Whole Milk,12 X 1 QT,$ 2 3.25,,Cannot parse price: ,Fix and re-upload
7,24,DAMILK2AA,Clover Farms Dairy - Whole Milk,9 X 1/2 GAL,$ 2 8.57,,Cannot parse price: ,Fix and re-upload
7,25,DAMILK3AA,Clover Farms Dairy - Whole Milk,4 X 1 GAL,$ 1 9.33,,Cannot parse price: ,Fix and re-upload
7,26,DAMILK3ADCS,Clover Farms Dairy - 1% Milk,12 X 1 QT,$ 1 8.47,,Cannot parse price: ,Fix and re-upload
7,27,DAMILK4CS,Clover Farms Dairy - 2% Milk,12 X 1 QT,$ 1 9.43,,Cannot parse price: ,Fix and re-upload
7,28,DAMILK6CS,Clover Farms Dairy - Skim Milk,12 X 1 QT,$ 1 7.57,,Cannot parse price: ,Fix and re-upload
7,29,DAMILK8CS,Clover Farms Dairy - Heavy Cream 40%,12 X 1 QT,$ 6 7.24,,Cannot parse price: ,Fix and re-upload
7,30,RONNYBROOK DAIRY,,,,,Missing code or description,Fix and re-upload
7,31,PABUT1,Ronnybrook Dairy - Salted Butter,12 X 8 OZ,$ 6 5.30,,Cannot parse price: ,Fix and re-upload
7,32,PABUT1A,Ronnybrook Dairy - Unsalted Butter,12 X 8 OZ,$ 6 5.30,,Cannot parse price: ,Fix and re-upload
7,33,PACREME,Ronnybrook Dairy - Crème Fraiche,8 OZ,$ 4 .45,,Cannot parse price: ,Fix and re-upload
7,34,PACREME1,Ronnybrook Dairy - Crème Fraiche,2 LB,$ 1 2.08,,Cannot parse price: ,Fix and re-upload
7,35,PAMILK9,Ronnybrook Dairy - Creamline Whole Milk,1/2 GAL,$ 3 .78,,Cannot parse price: ,Fix and re-upload
7,36,PAMILK99,Ronnybrook Dairy - Creamline Whole Milk,1 QT,$ 3 .45,,Cannot parse price: ,Fix and re-upload
7,37,PAMILK99H,Ronnybrook Dairy - Whole Milk,1/2 GAL,$ 3 .78,,Cannot parse price: ,Fix and re-upload
7,38,PAMILK9B,Ronnybrook Dairy - Skim Milk,1/2 GAL,$ 3 .47,,Cannot parse price: ,Fix and re-upload
7,39,PAMILK9C,Ronnybrook Dairy - Creamline Chocolate Milk,1/2 GAL,$ 3 .93,,Cannot parse price: ,Fix and re-upload
7,40,PAMILK9F,Ronnybrook Dairy - Heavy Cream 40%,1/2 GAL,$ 1 8.99,,Cannot parse price: ,Fix and re-upload
7,41,PAMILK9G,Ronnybrook Dairy - Creamline Whole Milk,12 X 12 OZ,$ 1 6.06,,Cannot parse price: ,Fix and re-upload
7,42,PAMILK9H,Ronnybrook Dairy - 1% Milk,12 X 12 OZ,$ 1 6.06,,Cannot parse price: ,Fix and re-upload
7,43,PAMILK9J,Ronnybrook Dairy - Creamline Chocolate Milk,12 X 12 OZ,$ 1 8.13,,Cannot parse price: ,Fix and re-upload
7,44,PAMILK9L,Ronnybrook Dairy - Heavy Cream,12 X 12 OZ,$ 6 3.97,,Cannot parse price: ,Fix and re-upload
7,45,PAMILK9M,Ronnybrook Dairy - Half & Half,12 X 12 OZ,$ 4 3.58,,Cannot parse price: ,Fix and re-upload
7,46,PAMILK9X,Ronnybrook Dairy - 1% Milk,12 X 8 OZ,$ 1 5.98,,Cannot parse price: ,Fix and re-upload
7,47,PAMILKRB2,Ronnybrook Dairy - Sour Cream,16 OZ,$ 7 .37,,Cannot parse price: ,Fix and re-upload
7,48,,ORGANIC VALLEY,,,,Missing code or description,Fix and re-upload
7,49,DACREAM3B,Organic Valley - Organic Cream Cheese,36 X 8 OZ,$ 1 51.36,,Cannot parse price: ,Fix and re-upload
7,50,DAMILK11OV,Organic Valley - Organic Half And Half,6 X 1/2 GAL,#N/A,,Cannot parse price: ,Fix and re-upload
7,51,DAMILK15ACS,Organic Valley - 2% Milk,6 X 1/2 GAL,$ 3 5.73,,Cannot parse price: ,Fix and re-upload
7,52,DAMILK15ACS,Organic Valley - 2% Milk,6 X 1/2 GAL,$ 3 5.73,,Cannot parse price: ,Fix and re-upload
7,53,DAMILK15CS,Organic Valley - Skim Milk,6 X 1/2 GAL,$ 3 5.73,,Cannot parse price: ,Fix and re-upload
7,54,DAMILK15DCS,Organic Valley - Whole Milk,6 X 1/2 GAL,$ 3 7.34,,Cannot parse price: ,Fix and re-upload
7,55,DAMILK15FCS,Organic Valley - Lactose Free Skim Milk,6 X 1/2 GAL,$ 3 9.51,,Cannot parse price: ,Fix and re-upload
7,56,,ORGANIC COCOJUNE,,,,Missing code or description,Fix and re-upload
7,57,DAYOGURTND,COCOJUNE Organic Vegan Coconut Yogurt,8 x 16oz / CTN,$ 4 9.74,,Cannot parse price: ,Fix and re-upload
7,58,DAYOGURTND2,COCOJUNE Organic Vegan Pure Coconut Yogurt,12 x 4oz / CTN,$ 2 5.07,,Cannot parse price: ,Fix and re-upload
7,59,DAYOGURTND3,COCOJUNE Organic Vegan Strawberry Rhubarb Coconut Yogurt,12 x 4oz / CTN,$ 2 5.07,,Cannot parse price: ,Fix and re-upload
7,60,DAYOGURTND7,COCOJUNE Organic Vegan Vanilla Chamomile Coconut Yogurt,8 x 16oz / CTN,$ 4 9.00,,Cannot parse price: ,Fix and re-upload
7,61,DAYOGURTND5,COCOJUNE Organic Vegan Vanilla Chamomile Coconut Yogurt,12 x 4oz / CTN,$ 2 5.07,,Cannot parse price: ,Fix and re-upload
7,62,DAYOGURTND4,COCOJUNE Organic Vegan Lemon Elderflower Coconut Yogurt,12 x 4oz / CTN,$ 2 5.07,,Cannot parse price: ,Fix and re-upload
7,63,DAYOGURTND6,COCOJUNE Organic Vegan Passion Fruit Coconut Yogurt,12 x 4oz / CTN,$ 2 5.05,,Cannot parse price: ,Fix and re-upload
7,64,DAYOGURTND9,COCOJUNE Organic Vegan Coconut Labneh Original,8 x 8oz / CTN,#N/A,,Cannot parse price: ,Fix and re-upload
7,65,DAYOGURTND9A,COCOJUNE Organic Vegan Coconut Labneh Lemon Dill,8 x 8oz / CTN,#N/A,,Cannot parse price: ,Fix and re-upload
7,66,,MILK ALTERNATIVES,,,,Missing code or description,Fix and re-upload
7,67,DAMILK16,Pacific Foods - Organic Almond Milk,12 X 32 OZ,$ 4 4.36,,Cannot parse price: ,Fix and re-upload
7,68,DAMILK16A,Pacific Foods - Organic Unsweetened Almond Milk,12 X 32 OZ,$ 4 4.36,,Cannot parse price: ,Fix and re-upload
7,69,DAMILK16B,Pacific Foods - Barista Series Original Almond Milk,12 X 32 OZ,$ 4 5.75,,Cannot parse price: ,Fix and re-upload
7,70,DAMILK16E,Pacific Foods - Barista Series Original Coconut Milk,12 X 32 OZ,$ 4 5.75,,Cannot parse price: ,Fix and re-upload
7,71,DAMILK16EE,Pacific Foods - Barista Series Original Oat Milk,12 X 32 OZ,$ 4 7.56,,Cannot parse price: ,Fix and re-upload
7,72,DAMILK16EEE,Pacific Foods - Original Organic Oat Milk,12 X 32 OZ,$ 4 9.88,,Cannot parse price: ,Fix and re-upload
7,73,DAMILKND1B,Elmhurst - Almond Barista Milk,6 X 32 OZ,$ 3 1.67,,Cannot parse price: ,Fix and re-upload
7,74,DAMILKND4,Elmhurst - Oat Milk,6 X 32 OZ,$ 3 2.14,,Cannot parse price: ,Fix and re-upload
7,75,DAMILKND4B,Elmhurst - Oat Barista Milk,6 X 32 OZ,$ 3 1.67,,Cannot parse price: ,Fix and re-upload
7,76,DAMILKND4C,Elmhurst - Unsweetened Oat Milk,6 X 32 OZ,$ 3 2.14,,Cannot parse price: ,Fix and re-upload
7,77,DAMILKND5,Elmhurst - Cashew Milk,6 X 32 OZ,$ 3 2.14,,Cannot parse price: ,Fix and re-upload
7,78,DAMILKND8,Elmhurst - Unsweetened Almond Milk,6 X 32 OZ,$ 3 2.14,,Cannot parse price: ,Fix and re-upload
7,79,DAMILKNDC11,Califia Farms - Oat Barista Milk,12 X 32 OZ,$ 4 5.39,,Cannot parse price: ,Fix and re-upload
7,80,DAMILKNDC2,Califia Farms - Unsweetened Almond Barista Milk,6 X 32 OZ,$ 2 0.49,,Cannot parse price: ,Fix and re-upload
7,81,DAMILKNDC3,Califia Farms - Coconut Milk,6 X 48 OZ,$ 2 4.26,,Cannot parse price: ,Fix and re-upload
7,82,DAMILKNDC4,Califia Farms - Unsweetened Almond Milk,6 X 48 OZ,$ 2 4.26,,Cannot parse price: ,Fix and re-upload
7,83,DAMILKNDC5,Califia Farms - Toasted Coconut Almond Milk,6 X 48 OZ,$ 2 4.26,,Cannot parse price: ,Fix and re-upload
7,84,DAMILKNDC6,Califia Farms - Unsweetened Vanilla Almond Milk,6 X 48 OZ,$ 2 4.26,,Cannot parse price: ,Fix and re-upload
7,85,DAMILKNDC7,Califia Farms - Vanilla Almond Milk,6 X 48 OZ,$ 2 4.26,,Cannot parse price: ,Fix and re-upload
7,86,DAMILKNDC8,Califia Farms - Almond Milk,6 X 48 OZ,$ 2 4.26,,Cannot parse price: ,Fix and re-upload
7,87,DAMILKNDC99,Califia Farms - Almond Barista Blend,12 X 32 OZ,$ 4 8.99,,Cannot parse price: ,Fix and re-upload
7,88,DAMILKNDT,Tache - Original Pistachio Milk,6 X 32 OZ,$ 3 6.00,,Cannot parse price: ,Fix and re-upload
7,89,DAMILKNDT1,Tache - Unsweetened Pistachio Milk,6 X 32 OZ,$ 3 6.00,,Cannot parse price: ,Fix and re-upload
7,90,DAMILKNDT2,Tache - Vanilla Pistachio Milk,6 X 32 OZ,$ 3 6.00,,Cannot parse price: ,Fix and re-upload
7,91,DAMILKNDT3,Tache - Unsweetened Vanilla Pistachio Milk,6 X 32 OZ,#N/A,,Cannot parse price: ,Fix and re-upload
7,92,SOY1AA,Pacific Foods - Barista Series Original Soy Milk,12 X 32 OZ,$ 4 2.32,,Cannot parse price: ,Fix and re-upload
7,93,,OTHER BUTTER & CREAM CHEESE,,,,Missing code or description,Fix and re-upload
7,94,DABUT2EA,Cabot Creamery - Salted Butter,1 LB,$ 4 .29,,Cannot parse price: ,Fix and re-upload
7,95,DABUT3EA,Cabot Creamery - Unsalted Butter,1 LB,$ 4 .17,,Cannot parse price: ,Fix and re-upload
7,96,DABUT7H,Isigny Sainte Mere - Salted French Butter,10 X 8.8 OZ,$ 5 3.25,,Cannot parse price: ,Fix and re-upload
7,97,DABUT7J,Isigny Sainte Mere - Unsalted French Butter,10 X 8.8 OZ,$ 5 0.02,,Cannot parse price: ,Fix and re-upload
7,98,DABUTNDCS,Violife - Vegan Unsalted Butter,36 X 1 LB,$ 1 18.14,,Cannot parse price: ,Fix and re-upload
7,99,DABUTNDCS2,Violife - Vegan Salted Butter,36 X 1 LB,$ 1 05.73,,Cannot parse price: ,Fix and re-upload
7,100,DACREAM55,Perrystead Dairy - The Real Philly Fresh Schmear Cheese,6x8oz,$ 3 2.23,,Cannot parse price: ,Fix and re-upload
7,101,DACREAMNDKH,Kite Hill - Vegan Cream Cheese,6x8oz,$ 4 0.12,,Cannot parse price: ,Fix and re-upload
7,102,DACREAMNDKH2,Kite Hill - Vegan Sour Cream,6 x 12 oz,$ 2 2.48,,Cannot parse price: ,Fix and re-upload
7,103,PABUT1,Ronnybrook Dairy - Salted Butter,12 X 8 OZ,$ 6 5.30,,Cannot parse price: ,Fix and re-upload
8,1,PABUT1A,Ronnybrook Dairy - Unsalted Butter,12 X 8 OZ,$ 6 5.30,,Cannot parse price: ,Fix and re-upload
8,2,PABUTAR,Arethusa Farm Dairy - Cultured Butter with Sea Salt,12 X 8 OZ,$ 9 5.66,,Cannot parse price: ,Fix and re-upload
8,3,PACHEESE7,Vermont Creamery - Crème Fraiche,8 OZ,$ 3 .80,,Cannot parse price: ,Fix and re-upload
8,4,PAMILKAR6,Arethusa Farm Dairy - Sour Cream,6 X 16 OZ,$ 3 3.72,,Cannot parse price: ,Fix and re-upload
8,5,PAMILKRB2,Ronnybrook Dairy - Sour Cream,16 OZ,$ 7 .37,,Cannot parse price: ,Fix and re-upload
8,6,VEGANVR8,Violife - Vegan Cream Cheese,8x7.05 oz,$ 4 1.79,,Cannot parse price: ,Fix and re-upload
8,7,,EGGS,,,,Missing code or description,Fix and re-upload
8,8,EGGS1A,Esbenshade Farms - Extra Large A Egg Cartons,15 X 1 DOZ,$ 1 41.48,,Cannot parse price: ,Fix and re-upload
8,9,EGGS5,Handsome Brook Farms - Organic Large Pasture Raised Eggs,15 X 1 DOZ,$ 1 25.99,,Cannot parse price: ,Fix and re-upload
8,10,EGGS7,Esbenshade Farms - Organic Cage-Free Large Egg Cartons,15 X 1 DOZ,$ 1 08.77,,Cannot parse price: ,Fix and re-upload
8,11,EGGS9,The Farmer's Hen - Organic Free Range Large Egg Cartons,15 X 1 DOZ,$ 1 02.84,,Cannot parse price: ,Fix and re-upload
8,12,EGGS9A,The Farmer's Hen - Free Range Brown Egg Cartons,15 xX 1 DOZ,$ 9 4.38,,Cannot parse price: ,Fix and re-upload
8,13,EGGS9G,Happy Egg Co. - Medium Free Range Heritage Eggs,15 X 1 DOZ,$ 1 36.00,,Cannot parse price: ,Fix and re-upload
8,14,EGGSV5,Vital Farms - Pasture Raised Hard Boiled Eggs,20 X 2 CT,$ 5 5.06,,Cannot parse price: ,Fix and re-upload
8,15,,CHEESE & CHEESE ALTERNATIVES,,,,Missing code or description,Fix and re-upload
8,16,CHEESE1B,Caseificio Dell'Alta Langa - La Tur Cheese,3 LB AVG | 6 P,C$ 1 8.59,,Cannot parse price: ,Fix and re-upload
8,17,CHEESE1TT,Vermont Creamery - Bijou Retail Double Pack,6 X 4 OZ,$ 5 3.04,,Cannot parse price: ,Fix and re-upload
8,18,CHEESE22CCS,Grillies - Halloumi,12 X 8.8 OZ,#N/A,,Cannot parse price: ,Fix and re-upload
8,19,CHEESE2A11,Kourellas - Organic Grill & Eat Halloumi Cheese,10 X 5.3 OZ,$ 6 2.62,,Cannot parse price: ,Fix and re-upload
8,20,CHEESE2CP,Isigny Sainte Mere - Petit Brie,8.8 OZ,$ 4 .64,,Cannot parse price: ,Fix and re-upload
8,21,CHEESE2I,St Andre - Mini St. Andre Cheese,7 OZ,$ 7 .54,,Cannot parse price: ,Fix and re-upload
8,22,CHEESE4DCS,"Lioni Latticini, Inc. - Stracciatella",6 X 1 LB,$ 4 6.95,,Cannot parse price: ,Fix and re-upload
8,23,CHEESE4JJ,Carozzi - Mini Taleggio Cheese,8 OZ,#N/A,,Cannot parse price: ,Fix and re-upload
8,24,CHEESE4K,Caseificio Dell'Alta Langa - Robiola Bosina Cheese,1 LB AVG,$ 1 9.06,,Cannot parse price: ,Fix and re-upload
8,25,CHEESEI,Cypress Grove - Mini Humboldt Fog Cheese,4 LB AVG | 4 P,C$ 2 4.22,,Cannot parse price: ,Fix and re-upload
8,26,CHEESEN2,Grafton Village Cheese - Smoked Maple Cheddar Waxed Bars,12 X 4 OZ,$ 4 9.07,,Cannot parse price: ,Fix and re-upload
8,27,CHEESEN3,Grafton Village Cheese - 2 Year Cheddar Waxed Bars,12 X 8 OZ,$ 7 7.79,,Cannot parse price: ,Fix and re-upload
8,28,CHEESEN5,Grafton Village Cheese - Truffle Cheddar Bars,12 X 8 OZ,$ 8 7.81,,Cannot parse price: ,Fix and re-upload
8,29,CHEESEOR,Origin Milk - Organic 1 Year Aged A2 Sharp Raw Cheddar Block,12 X 8 OZ,$ 1 00.60,,Cannot parse price: ,Fix and re-upload
8,30,CHEESEOR6,Origin Milk - Organic A2 Smoked Gouda Block,12 X 8 OZ,$ 8 8.39,,Cannot parse price: ,Fix and re-upload
8,31,CHEESEOR7,Origin Milk - Organic A2 Mozzarella Cheese Block,12 X 8 OZ,$ 7 2.03,,Cannot parse price: ,Fix and re-upload
8,32,CHEESER,Cowgirl Creamery - Red Hawk Cheese,2.5 LB AVG | 6,PC$ 2 7.64,,Cannot parse price: ,Fix and re-upload
8,33,CHEESERR,Cowgirl Creamery - Mt. Tam Cheese,12 X 8 OZ,$ 1 45.90,,Cannot parse price: ,Fix and re-upload
8,34,CHEESEW,Cypress Grove - Purple Haze Cheese,12 X 4 OZ,$ 6 7.73,,Cannot parse price: ,Fix and re-upload
8,35,DACHEESE1ACS,Ambrosi - Parmigiano Reggiano 24 Month Wedges,12 X 7 OZ,$ 1 00.20,,Cannot parse price: ,Fix and re-upload
8,36,DACHEESE1BCS,Ambrosi - Grana Pandano Wedge,12 X 7 OZ,$ 8 4.60,,Cannot parse price: ,Fix and re-upload
8,37,DACHEESE1CWCS,Ambrosi - Pecorino Romano Wedges,12 X 7 OZ,$ 8 9.00,,Cannot parse price: ,Fix and re-upload
8,38,DACHEESE1F,Montchevre - Organic Goat Cheese Logs,12 X 4 OZ,$ 4 6.60,,Cannot parse price: ,Fix and re-upload
8,39,DACHEESE2B,Montchevre - Goat Cheese Log,10.5 OZ,$ 6 .35,,Cannot parse price: ,Fix and re-upload
8,40,DACHEESE2H,Montchevre - Garlic and Herb Goat Cheese Log,10.5 OZ,$ 6 .35,,Cannot parse price: ,Fix and re-upload
8,41,DACHEESE3B,Urbani - Truffle Burrata,12 X 4 OZ,$ 4 2.24,,Cannot parse price: ,Fix and re-upload
8,42,DACHEESE4AA,Organic Valley - Mozzarella String Cheese Singles,96 X 1 OZ,$ 6 6.34,,Cannot parse price: ,Fix and re-upload
8,43,DACHEESE4CCS,"Lioni Latticini, Inc. - Wrapped Salted Mozzarella Balls",12 X 1 LB,$ 7 8.72,,Cannot parse price: ,Fix and re-upload
8,44,DACHEESE4K,Antiche Bonta - Mozzarella Di Buffalo Balls In Water,12 X 250 GR,$ 1 06.03,,Cannot parse price: ,Fix and re-upload
8,45,DACHEESE4KKCS,"Lioni Latticini, Inc. - Bufala Fresca Mozzarella Balls 4 oz",6 X 8 OZ,$ 3 9.17,,Cannot parse price: ,Fix and re-upload
8,46,DACHEESE4L,"Lioni Latticini, Inc. - Smoked Mozzarella Cheese Ball",1 LB,$ 6 .97,,Cannot parse price: ,Fix and re-upload
8,47,DACHEESE4M,"Lioni Latticini, Inc. - Burrata",6 X 2 X 4 OZ,$ 2 9.99,,Cannot parse price: ,Fix and re-upload
8,48,DACHEESE9L,Di Stefano - Burrata,12 X 4 OZ,$ 3 7.18,,Cannot parse price: ,Fix and re-upload
8,49,DACHEESE9LA,Di Stefano - Burrata,24 X 2 OZ,$ 4 8.68,,Cannot parse price: ,Fix and re-upload
8,50,DACHEESE9LL,Di Stefano - Stracciatella,6 X 1 LB,$ 6 0.26,,Cannot parse price: ,Fix and re-upload
8,51,DACHEESECAB3,Cabot Creamery - Sharp Cheddar Snacking Sticks,12X7.5 OZ,$ 6 0.78,,Cannot parse price: ,Fix and re-upload
8,52,DACHEESECAM,Campania Felix - Mozzarella Di Buffalo,6 X 250 GR,$ 7 0.44,,Cannot parse price: ,Fix and re-upload
8,53,DACHEESECAM1,Campania Felix - Mozzarella Di Buffala Bocconcini,40 X 50 GR,$ 1 00.19,,Cannot parse price: ,Fix and re-upload
8,54,DACHEESENDKH,Kite Hill - Vegan Ricotta,6X8 OZ,$ 4 6.34,,Cannot parse price: ,Fix and re-upload
8,55,PACHEESE10BBR,Arethusa Farm Dairy - Bella Bantam Retail,12 X 5.5 OZ,$ 7 6.68,,Cannot parse price: ,Fix and re-upload
8,56,PACHEESE10CBR,Arethusa Farm Dairy - Crybaby Retail,12 X 5.5 OZ,$ 7 6.68,,Cannot parse price: ,Fix and re-upload
8,57,PACHEESE10CC,Four Fat Fowl - St. Stephen Cheese,6 X 9 OZ,$ 2 4.35,,Cannot parse price: ,Fix and re-upload
8,58,PACHEESE10CR,Arethusa Farm Dairy - Camembert,6 X 8 OZ,$ 6 1.76,,Cannot parse price: ,Fix and re-upload
8,59,PACHEESE10EU,Arethusa Farm Dairy - Europa Cheese,12 X 5.5 OZ,$ 9 2.44,,Cannot parse price: ,Fix and re-upload
8,60,PACHEESE10TR,Arethusa Farm Dairy - Tapping Reeve Retail,12 X 5.5 OZ,$ 9 2.44,,Cannot parse price: ,Fix and re-upload
8,61,PACHEESE3D,Nettle Meadow Farm - Mini Kunik Minis Cheese,9 X 4 OZ,$ 6 4.34,,Cannot parse price: ,Fix and re-upload
8,62,PACHEESE3EE,Nettle Meadow Farm - Plain Fromage Blanc Cups,8 X 5 OZ,$ 4 7.56,,Cannot parse price: ,Fix and re-upload
8,63,PACHEESE3GG,Nettle Meadow Farm - Fromage Blanc Honey Lavender Cheese Cups,8 X 5 OZ,$ 4 7.56,,Cannot parse price: ,Fix and re-upload
8,64,PACHEESE3LL,Nettle Meadow Farm - Chevre with Olive Oil & Garlic Cups,8 X 5 OZ,$ 4 7.97,,Cannot parse price: ,Fix and re-upload
8,65,PACHEESE4J,Old Chatham Creamery - Mini Kinderhook Creek Cheese,8 X 3.5 OZ,$ 4 6.17,,Cannot parse price: ,Fix and re-upload
8,66,PACHEESE7C,Vermont Creamery - Cremont Cheese,6 X 5 OZ,$ 5 0.00,,Cannot parse price: ,Fix and re-upload
8,67,VEGANFETA,Kourellas - Plain Greek Vegan Style Feta Cheese,10 X 5.3 OZ,$ 3 5.06,,Cannot parse price: ,Fix and re-upload
8,68,VEGANV2,Violife - Vegan Parmesan Wedge,7 X 5.29 OZ,$ 3 9.41,,Cannot parse price: ,Fix and re-upload
8,69,VEGANV2S,Violife - Vegan Parmesan Grated,10 X 1.1 LB,$ 1 14.50,,Cannot parse price: ,Fix and re-upload
8,70,,MONTY's VEGAN CREAM CHEESE & BUTTERS,,,,Missing code or description,Fix and re-upload
8,71,VEGANM2,MONTY'S - Vegan Cream Cheese,6 x 6oz,$ 3 2.00,,Cannot parse price: ,Fix and re-upload
8,72,VEGANM3,MONTY'S - Vegan Scallion Cream Cheese,6 x 6oz,$ 3 2.00,,Cannot parse price: ,Fix and re-upload
8,73,VEGANM4,MONTY'S - Vegan Truffle Rosemary Cream Cheese,6 x 6oz,$ 3 2.00,,Cannot parse price: ,Fix and re-upload
8,74,DABUTNDM3,MONTY'S - Vegan Salted Cultured Butter,6 x 5oz,$ 2 9.00,,Cannot parse price: ,Fix and re-upload
8,75,DABUTNDM2,MONTY'S - Vegan Salted Butter,6 x 5oz,$ 2 9.00,,Cannot parse price: ,Fix and re-upload
8,76,DABUTNDM1,MONTY'S - Vegan Salted Cultured Butter 2 LB,2 LB,$ 1 6.50,,Cannot parse price: ,Fix and re-upload
8,77,VEGANM1,MONTY'S - Vegan Cream Cheese LB,2 LB,$ 1 6.50,,Cannot parse price: ,Fix and re-upload
8,78,,FAGE,,,,Missing code or description,Fix and re-upload
8,79,DAYOGURT1A,Fage - Plain Greek Yogurt 5%,12x5.3 oz,$ 2 2.66,,Cannot parse price: ,Fix and re-upload
8,80,DAYOGURT1BB,Fage - 2% Blueberry Greek Yogurt,12x5.3 oz,$ 2 2.66,,Cannot parse price: ,Fix and re-upload
8,81,DAYOGURT1C,Fage - 2% Peach Greek Yogurt,12x5.3 oz,$ 2 2.66,,Cannot parse price: ,Fix and re-upload
8,82,DAYOGURT1D,Fage - 2% Cherry Greek Yogurt,12x5.3 oz,$ 2 2.66,,Cannot parse price: ,Fix and re-upload
8,83,DAYOGURT1E,Fage - 0% Plain Greek Yogurt,6x1 lb,$ 2 2.03,,Cannot parse price: ,Fix and re-upload
8,84,DAYOGURT1F,Fage - 0% Plain Greek Yogurt,12x5.3 oz,$ 2 2.66,,Cannot parse price: ,Fix and re-upload
8,85,DAYOGURT1G,Fage - 2% Greek Yogurt with Honey,12x5.3 oz,$ 2 2.66,,Cannot parse price: ,Fix and re-upload
8,86,DAYOGURT1H,Fage - 2% Greek Yogurt with Strawberry,12x5.3 oz,$ 2 2.66,,Cannot parse price: ,Fix and re-upload
8,87,DAYOGURT2,Fage - 5% Plain Greek Yogurt,6x1 lb,$ 2 2.03,,Cannot parse price: ,Fix and re-upload
8,88,,NORR ORGANIC,,,,Missing code or description,Fix and re-upload
8,89,DAYOGURTNS2A,Organic Elderflower & Lemon Skyr Yogurt,12 X 4.4 OZ,$ 2 5.58,,Cannot parse price: ,Fix and re-upload
8,90,DAYOGURTNS3A,Organic Plain Skyr Yogurt,12 X 4.4 OZ,$ 2 5.37,,Cannot parse price: ,Fix and re-upload
8,91,DAYOGURTNS5A,Org Whole Milk Black Currant & Blood Orange Skyr,12 X 4.4 OZ,$ 2 5.58,,Cannot parse price: ,Fix and re-upload
8,92,DAYOGURTNS6A,Organic Plain Whole Milk Skyr Yogurt,12 X 4.4 OZ,$ 2 5.58,,Cannot parse price: ,Fix and re-upload
8,93,DAYOGURTNS7A,Organic Whole Milk Raspberry & Rosewater Skyr,12 X 4.4 OZ,$ 2 5.58,,Cannot parse price: ,Fix and re-upload
8,94,DAYOGURTNS8A,Organic Whole Milk Vanilla & Chamomile Skyr,12 X 4.4 OZ,$ 2 5.58,,Cannot parse price: ,Fix and re-upload
8,95,,LA FERMIERE YOGURT (CT),,,,Missing code or description,Fix and re-upload
8,96,PADESSERT,La Fermière - Crème Chocolate French Dessert,6 X 4.4 OZ,$ 1 3.50,,Cannot parse price: ,Fix and re-upload
8,97,PADESSERT1,La Fermière - Crème Vanilla French Dessert,6 X 4.4 OZ,$ 1 3.50,,Cannot parse price: ,Fix and re-upload
8,98,PADESSERT2,La Fermière - Crème Caramel French Dessert,6 X 4.4 OZ,$ 1 3.50,,Cannot parse price: ,Fix and re-upload
8,99,PADESSERT3,La Fermière - Crème Cafe French Dessert,6 X 4.4 OZ,$ 1 3.50,,Cannot parse price: ,Fix and re-upload
8,100,PAYOGURT4,La Fermière - Vanilla Bean Yogurt,6 X 4.9 OZ,$ 1 2.00,,Cannot parse price: ,Fix and re-upload
8,101,PAYOGURT4A,La Fermière - Lemon Yogurt,6 X 4.9 OZ,$ 1 2.00,,Cannot parse price: ,Fix and re-upload
8,102,PAYOGURT4B,La Fermière - Raspberry Blueberry Yogurt,6 X 5.6 OZ,$ 1 2.00,,Cannot parse price: ,Fix and re-upload
8,103,PAYOGURT4C,La Fermière - Mango Passion Fruit Yogurt,6 X 5.6 OZ,$ 1 4.00,,Cannot parse price: ,Fix and re-upload
8,104,PAYOGURT4D,La Fermière - Pineapple Coconut Yogurt,6 X 5.6 OZ,$ 1 4.00,,Cannot parse price: ,Fix and re-upload
8,105,PAYOGURT4H,La Fermière - Orange Blossom Honey Yogurt,6 X 4.9 OZ,$ 1 2.00,,Cannot parse price: ,Fix and re-upload
8,106,PAYOGURT4I,La Fermière - Peach Apricot Yogurt,6 X 4.9 OZ,$ 1 2.00,,Cannot parse price: ,Fix and re-upload
8,107,PAYOGURT4P,La Fermière - Plain Yogurt,6 X 5.6 OZ,$ 1 2.00,,Cannot parse price: ,Fix and re-upload
8,108,PAYOGURT4Q,La Fermière - Rose Yogurt,6 X 4.9 OZ,$ 1 2.00,,Cannot parse price: ,Fix and re-upload
8,109,PAYOGURT4T,La Fermière - Hibiscus Raspberry Yogurt,6 x 5.6 oz,$ 1 2.00,,Cannot parse price: ,Fix and re-upload
8,110,,RONNYBROOK DAIRY,,,,Missing code or description,Fix and re-upload
8,111,PAYOGURT,Ronnybrook Dairy - Plain Yogurt,12 X 6 OZ,$ 1 7.00,,Cannot parse price: ,Fix and re-upload
8,112,PAYOGURT1,Ronnybrook Dairy - Vanilla Yogurt,12 X 6 OZ,$ 1 7.00,,Cannot parse price: ,Fix and re-upload
8,113,PAYOGURT1A,Ronnybrook Dairy - Strawberry Yogurt,12 X 6 OZ,$ 1 7.00,,Cannot parse price: ,Fix and re-upload
8,114,PAYOGURT1B,Ronnybrook Dairy - Peach Yogurt,12 X 6 OZ,$ 1 7.00,,Cannot parse price: ,Fix and re-upload
8,115,PAYOGURT1C,Ronnybrook Dairy - Coconut Yogurt,12 X 6 OZ,$ 1 7.00,,Cannot parse price: ,Fix and re-upload
8,116,PAYOGURT1D,Ronnybrook Dairy - Maple Vanilla Yogurt,12 X 6 OZ,$ 1 7.00,,Cannot parse price: ,Fix and re-upload
8,117,PAYOGURT1E,Ronnybrook Dairy - Plain Yogurt,32 oz,$ 6 .20,,Cannot parse price: ,Fix and re-upload
8,118,PAYOGURT1H,Ronnybrook Dairy - Vanilla Yogurt,32 oz,$ 6 .20,,Cannot parse price: ,Fix and re-upload
8,119,PAYOGURT1L,Ronnybrook Dairy - Drinkable Blackberry Yogurt,12 X 12 OZ,$ 2 5.00,,Cannot parse price: ,Fix and re-upload
8,120,PAYOGURT1M,Ronnybrook Dairy - Drinkable Peach Yogurt,12 X 12 OZ,$ 2 5.00,,Cannot parse price: ,Fix and re-upload
8,121,PAYOGURT1N,Ronnybrook Dairy - Drinkable Strawberry Yogurt,12 X 12 OZ,$ 2 5.00,,Cannot parse price: ,Fix and re-upload
8,122,PAYOGURT1O,Ronnybrook Dairy - Drinkable Mango Yogurt,12 X 12 OZ,$ 2 5.00,,Cannot parse price: ,Fix and re-upload
8,123,PAYOGURT1P,Ronnybrook Dairy - Drinkable Blueberry Pom Yogurt,12 X 12 OZ,$ 2 5.00,,Cannot parse price: ,Fix and re-upload
8,124,,STONYFIELD,,,,Missing code or description,Fix and re-upload
8,125,DAYOGURTS,Stonyfield - Organic Greek Yogurt 0%,6 X 32 OZ,$ 5 6.49,,Cannot parse price: ,Fix and re-upload
8,126,DAYOGURTS1,Stonyfield - Organic Low Fat Plain Yogurt,6 X 32 OZ,$ 3 4.29,,Cannot parse price: ,Fix and re-upload
8,127,DAYOGURTSV1,Stonyfield - Organic Vanilla Yogurt,6 X 32 OZ,#N/A,,Cannot parse price: ,Fix and re-upload
8,128,,"REFRIDGERATED COFFEES, TEAS & KOMBUCHA",,,,Missing code or description,Fix and re-upload
8,129,ASIAQ6,Copra - Organic Coconut Water,6 X 16 OZ,$ 2 0.07,,Cannot parse price: ,Fix and re-upload
8,130,BEV21,Grady's Cold Brew - Cold Brew Coffee,6 X 16 OZ,$ 3 6.97,,Cannot parse price: ,Fix and re-upload
8,131,BEV24,Grady's Cold Brew - Lil Easy Cold Brew Coffee,12 X 8 OZ,$ 3 6.72,,Cannot parse price: ,Fix and re-upload
8,132,BEVCO7,Partners Coffee - Cold Brew Coffee,12 X 12 OZ,#N/A,,Cannot parse price: ,Fix and re-upload
8,133,BEVCON,Atomic Coffee Roasters - Nitro Cold Brew Coffee,12 X 12 OZ,$ 3 6.80,,Cannot parse price: ,Fix and re-upload
8,134,BEVKH,HEALTH-ADE | USA - Organic Pink Lady Apple Kombucha,12 X 16 OZ,$ 3 7.00,,Cannot parse price: ,Fix and re-upload
8,135,BEVKH1,HEALTH-ADE | USA - Organic Ginger Lemon Kombucha,12 X 16 OZ,$ 3 7.00,,Cannot parse price: ,Fix and re-upload
9,1,BEVKH2,HEALTH-ADE | USA - Organic Passionfruit-tangerine Kombucha,12 X 16 OZ,$ 3 7.00,,Cannot parse price: ,Fix and re-upload
9,2,BEVKH3,HEALTH-ADE | USA - Organic Pomegranate Kombucha,12 X 16 OZ,$ 3 7.00,,Cannot parse price: ,Fix and re-upload
9,3,BEVKH4,HEALTH-ADE | USA - Organic Berry Lemonade Kombucha,12 X 16 OZ,$ 3 7.00,,Cannot parse price: ,Fix and re-upload
9,4,BEVKH5,HEALTH-ADE | USA - Organic Strawberry Glow Kombucha,12 X 16 OZ,$ 3 7.00,,Cannot parse price: ,Fix and re-upload
9,5,BEVKH,HEALTH-ADE | USA - Organic Pink Lady Apple Kombucha,12 X 16 OZ,$ 3 7.00,,Cannot parse price: ,Fix and re-upload
9,6,BEVKH1,HEALTH-ADE | USA - Organic Ginger Lemon Kombucha,12 X 16 OZ,$ 3 7.00,,Cannot parse price: ,Fix and re-upload
9,7,BEVKH2,HEALTH-ADE | USA - Organic Passionfruit-tangerine Kombucha,12 X 16 OZ,$ 3 7.00,,Cannot parse price: ,Fix and re-upload
9,8,BEVKH3,HEALTH-ADE | USA - Organic Pomegranate Kombucha,12 X 16 OZ,$ 3 7.00,,Cannot parse price: ,Fix and re-upload
9,9,BEVKH4,HEALTH-ADE | USA - Organic Berry Lemonade Kombucha,12 X 16 OZ,$ 3 7.00,,Cannot parse price: ,Fix and re-upload
9,10,BEVKH5,HEALTH-ADE | USA - Organic Strawberry Glow Kombucha,12 X 16 OZ,$ 3 7.00,,Cannot parse price: ,Fix and re-upload
9,11,BEVKF,Turmeric & Ginger Kombucha,12 X 16 OZ,$ 4 9.00,,Cannot parse price: ,Fix and re-upload
9,12,BEVKF1,"Mango, Tamarind, Chile de Arbol Kombucha",12 X 16 OZ,#N/A,,Cannot parse price: ,Fix and re-upload
9,13,BEVKF2,"Heirloom Carrot, Passion Fruit, Lime Leaf Kombucha",12 X 16 OZ,$ 4 9.00,,Cannot parse price: ,Fix and re-upload
9,14,BEVST3,Stumptown Coffee Roasters - Cold Brew Concentrate,6 X 64 OZ,$ 1 73.25,,Cannot parse price: ,Fix and re-upload
9,15,BEVST4,Stumptown Coffee Roasters - Original Cold Brew with Oatly,12 X 11 OZ,$ 3 7.00,,Cannot parse price: ,Fix and re-upload
9,16,BEVST5,Stumptown Coffee Roasters - Chocolate Cold Brew with Oatly,12 X 11 OZ,$ 3 7.00,,Cannot parse price: ,Fix and re-upload
9,17,BEVST6,Stumptown Coffee Roasters - Horchata Cold Brew with Oatly,12 X 11 OZ,$ 3 7.00,,Cannot parse price: ,Fix and re-upload
9,18,BEVTH,Harney & Sons - Organic Black Iced Tea,12 X 16 OZ,$ 2 1.57,,Cannot parse price: ,Fix and re-upload
9,19,BEVTH1,Harney & Sons - Bottled Organic Green Citrus Iced Tea,12 X 16 OZ,$ 2 1.57,,Cannot parse price: ,Fix and re-upload
9,20,BEVTH2,Harney & Sons - Bottled Organic Peach Iced Tea,12 X 16 OZ,$ 2 1.57,,Cannot parse price: ,Fix and re-upload
9,21,BEVTHA1,Harney & Sons - Supreme Egyptian Chamomile Tea,6 X 18 CT,$ 3 6.95,,Cannot parse price: ,Fix and re-upload
9,22,BEVTHA2,Harney & Sons - Supreme Earl Grey Tea,6 X 20 CT,$ 4 0.76,,Cannot parse price: ,Fix and re-upload
9,23,BEVTHA3,Harney & Sons - Japanese Green Sencha Tea,6 X 20 CT,$ 5 4.26,,Cannot parse price: ,Fix and re-upload
9,24,BEVTHA5,Harney & Sons - Organic Rooibos Chai Tea Organic,6 X 20 CT,$ 4 0.76,,Cannot parse price: ,Fix and re-upload
9,25,BEVTHA6,Harney & Sons - Dragon Pearl Jasmine Tea,6 X 20 CT,$ 6 0.12,,Cannot parse price: ,Fix and re-upload
9,26,BEVTHA7,Harney & Sons - Organic English Breakfast Tea,6 X 20 CT,$ 4 0.76,,Cannot parse price: ,Fix and re-upload
9,27,BEVVTCW,Vita Coco - Pure Coconut Water,12 X 1 LT,$ 5 3.04,,Cannot parse price: ,Fix and re-upload
9,28,,PROTEIN,,,,Missing code or description,Fix and re-upload
9,29,,JOYCE FARMS,,,,Missing code or description,Fix and re-upload
9,30,MEBNGG12,Joyce Farms - Grass Fed Ground Beef,12 X 1 LB,$ 8 4.09,,Cannot parse price: ,Fix and re-upload
9,31,MEBNGG8PS,Joyce Farms - Grass Fed Premium Steakburgers,20 X 8 OZ,$ 6 7.49,,Cannot parse price: ,Fix and re-upload
9,32,MEPO1JF,Joyce Farms - Naked Whole Natural Chicken,40 LB AVG | 12,P$C 3 .09,,Cannot parse price: ,Fix and re-upload
9,33,MEPO1JF1A,Joyce Farms - Naked Boneless Skinless Chicken Breast,8 LB AVG 8 PC,$ 6 .29,,Cannot parse price: ,Fix and re-upload
9,34,MEPO1JF1B,Joyce Farms - Naked Boneless Skinless Chicken Thighs,8 LB AVG 8 PC,$ 4 .69,,Cannot parse price: ,Fix and re-upload
9,35,MEPO1JF1C,Joyce Farms - Naked Bone-In Chicken Breast,8.16 LB AVG,$ 6 .09,,Cannot parse price: ,Fix and re-upload
9,36,MEPO1JF1D,Joyce Farms - Naked Bone-In Chicken Thighs,8 LB AVG,$ 2 .69,,Cannot parse price: ,Fix and re-upload
9,37,MEPO1JFGRL,Joyce Farms - Frozen Air Chilled Semi Boneless Poulet Rouge,13.5 LB AVG 6,PC$ 9 .49,,Cannot parse price: ,Fix and re-upload
9,38,,LA BELLE FARMS,,,,Missing code or description,Fix and re-upload
9,39,MEPO1BO,La Belle Farm - Organic Air Chilled Whole Chickens Retail Ready,30 LB AVG | 10,P$C 4 .89,,Cannot parse price: ,Fix and re-upload
9,40,MEPO1BO1A,La Belle Farm - Organic Air Chilled Chicken Breast,10 LB AVG | 10,P$C 9 .49,,Cannot parse price: ,Fix and re-upload
9,41,MEPO1BO1D,La Belle Farm - Organic Air Chilled Bone In Chicken Thighs,10 LB AVG | 10,P$C 4 .79,,Cannot parse price: ,Fix and re-upload
9,42,MEPO1BO1F,La Belle Farm - Organic Air Chilled Chicken Tenders,10 LB AVG | 10,PC #N/A,,Cannot parse price: ,Fix and re-upload
9,43,MEPO1BO1G,La Belle Farm - Organic Air Chilled Whole Chicken Legs,10 LB AVG | 10,PC #N/A,,Cannot parse price: ,Fix and re-upload
9,44,MEPO1BO1H,La Belle Farm - Organic Air Chilled Drumsticks,10 LB AVG | 10,PC #N/A,,Cannot parse price: ,Fix and re-upload
9,45,,BROOKLYN CURED,,,,Missing code or description,Fix and re-upload
9,46,SPMEATBC1,Brooklyn Cured - Pork Sausage Breakfast Links,8 X 9 OZ,$ 4 7.89,,Cannot parse price: ,Fix and re-upload
9,47,SPMEATBC3,Brooklyn Cured - Sliced Chorizo,12 X 3 OZ,$ 6 2.79,,Cannot parse price: ,Fix and re-upload
9,48,SPMEATBC5,Brooklyn Cured - Sliced Finocchiona,12 X 3 OZ,$ 6 2.99,,Cannot parse price: ,Fix and re-upload
9,49,SPMEATBC6,Brooklyn Cured - Sliced Hot Soppressata,12 X 3 OZ,$ 6 2.19,,Cannot parse price: ,Fix and re-upload
9,50,SPMEATBC8,Brooklyn Cured - Sliced Sweet Soppressata,12 X 3 OZ,$ 6 2.99,,Cannot parse price: ,Fix and re-upload
9,51,,WONDER MEATS,,,,Missing code or description,Fix and re-upload
9,52,MEBE3U8A,Wonder Meats - Premium Angus Beef Burger,20 X 8 OZ,$ 5 5.29,,Cannot parse price: ,Fix and re-upload
9,53,MEBE3UA2,Wonder Meats - Chef Special Slider Hamburgers,80 X 2 OZ,$ 5 0.39,,Cannot parse price: ,Fix and re-upload
9,54,MEBE3UA4,Wonder Meats - Chef Special Hamburgers,40 X 4 OZ,$ 5 0.39,,Cannot parse price: ,Fix and re-upload
9,55,MEBE3UA8,Wonder Meats - Chef Special Hamburgers,20 X 8 OZ,$ 5 0.49,,Cannot parse price: ,Fix and re-upload
9,56,MEBE3UB8FLA,TWonder Meats - Super Flat Brisket Blend Hamburgers,20 X 8 OZ,$ 6 4.79,,Cannot parse price: ,Fix and re-upload
9,57,,SCHALLER & WEBER,,,,Missing code or description,Fix and re-upload
9,58,MESMSW29,Schaller & Weber - Cooked Bratwurst Sausage 3.2 OZ,12 X 12 OZ,$ 7 6.99,,Cannot parse price: ,Fix and re-upload
9,59,MESMSW30,Schaller & Weber - Cooked Knackwurst Sausage 4 OZ,12 X 11.5 OZ,$ 7 4.09,,Cannot parse price: ,Fix and re-upload
9,60,MESMSW31,Schaller & Weber - Cooked Bockwurst Sausage 4 OZ,12 X 12 OZ,$ 8 0.79,,Cannot parse price: ,Fix and re-upload
9,61,MESMSW32,Schaller & Weber - Cooked Nurnberger Sausage,12 X 11.5 OZ,$ 7 9.99,,Cannot parse price: ,Fix and re-upload
9,62,MESMSW34,Schaller & Weber - Cooked Andouille Sausage 3.2 OZ,12 X 12 OZ,$ 7 2.09,,Cannot parse price: ,Fix and re-upload
9,63,MESMSW36,Schaller & Weber - Cooked Bangers Sausage,12 X 12 OZ,#N/A,,Cannot parse price: ,Fix and re-upload
9,64,MESMSW38,Schaller & Weber - Cheddar Bratwurst Cooked,12 X 12 OZ,$ 8 2.29,,Cannot parse price: ,Fix and re-upload
9,65,MESMSW91,Schaller & Weber - Beef Salami w/ Butterkase Cheese Snack Tray,12 X 2 OZ,#N/A,,Cannot parse price: ,Fix and re-upload
9,66,,NORTH COUNTRY,,,,Missing code or description,Fix and re-upload
9,67,MESM1AB,North Country Smokehouse - Smoked Fruitwood Bacon,12 X 12 OZ,$ 8 2.99,,Cannot parse price: ,Fix and re-upload
9,68,MESMN5,North Country Smokehouse - Organic Smoked Sliced Bacon,16 X 8 OZ,$ 9 9.59,,Cannot parse price: ,Fix and re-upload
9,69,MESMOR1,North Country Smokehouse - Organic Deli Sliced Black Forest Ham,6 OZ,$ 7 .69,,Cannot parse price: ,Fix and re-upload
9,70,MESMOR3,North Country Smokehouse - Deli Sliced Organic Oven Roasted Turkey,6 OZ,$ 6 .09,,Cannot parse price: ,Fix and re-upload
9,71,,MAESTRI,,,,Missing code or description,Fix and re-upload
9,72,SPMEATM1,Maestri - Sliced Prosciutto Italiano,1 LB,$ 1 8.79,,Cannot parse price: ,Fix and re-upload
9,73,SPMEATM11,Maestri - Sliced Coppa Italiana,1 LB,$ 2 0.99,,Cannot parse price: ,Fix and re-upload
9,74,SPMEATM3,Maestri - Sliced Salame Rustico,1 LB,$ 1 8.79,,Cannot parse price: ,Fix and re-upload
9,75,SPMEATM5,Maestri - Sliced Serrano Ham,1 LB,$ 1 8.69,,Cannot parse price: ,Fix and re-upload
9,76,,HOUSE FOODS (Protein Alternative),,,,Missing code or description,Fix and re-upload
9,77,TOFU,House Foods - Firm Tofu,12 X 14 OZ,$ 1 9.49,,Cannot parse price: ,Fix and re-upload
9,78,TOFU1C,House Foods - Extra Firm Tofu,12 X 12 OZ,$ 2 0.39,,Cannot parse price: ,Fix and re-upload
9,79,,"Dried Fruit, Nuts & Bars",,,,Missing code or description,Fix and re-upload
9,80,BARK3,"Kind - Dark Chocolate, Nuts & Sea Salt Bar",12 X 1.4 OZ,$ 2 7.47,,Cannot parse price: ,Fix and re-upload
9,81,SEED1CS,Seed + Mill - Dark Chocolate & Sea Salt Halva,12 X 8 OZ,$ 1 04.90,,Cannot parse price: ,Fix and re-upload
9,82,SEED2CS,Seed + Mill - Pistachio Halva,12 X 8 OZ,$ 1 04.90,,Cannot parse price: ,Fix and re-upload
9,83,SEED6CS,Seed + Mill - Chocolate Coconut Halva,12 X 8 OZ,$ 1 04.90,,Cannot parse price: ,Fix and re-upload
9,84,SEED88,88 Acres - Dark Chocolate Sea Salt Seed & Oat Bar,54 X 1.6 OZ,$ 7 5.00,,Cannot parse price: ,Fix and re-upload
9,85,SEED882,88 Acres - Blueberry Lemon Seed & Oat Bar,54 X 1.6 OZ,$ 7 5.00,,Cannot parse price: ,Fix and re-upload
9,86,SEED883,88 Acres - Oatmeal Chocolate Chip Seed & Oat Bar,54 X 1.6 OZ,$ 7 5.00,,Cannot parse price: ,Fix and re-upload
9,87,SPFR1BN,Bazzini - Cranberry Nut Mix,12 X 2 OZ,$ 1 2.91,,Cannot parse price: ,Fix and re-upload
9,88,SPNU12B,Bazzini - Honey Roasted Cashews,12 X 1.5 OZ,$ 1 1.97,,Cannot parse price: ,Fix and re-upload
9,89,SPNU12G,Bazzini - Salted Peanuts,12 X 3.5 OZ,$ 1 0.63,,Cannot parse price: ,Fix and re-upload
9,90,SPNU12H,Bazzini - Unsalted Cashews,12 X 1.25 OZ,$ 1 1.54,,Cannot parse price: ,Fix and re-upload
9,91,SPNU12J,Bazzini - Natural Pistachios,12 X 1.25 OZ,$ 1 4.57,,Cannot parse price: ,Fix and re-upload
9,92,SPNU1I,Bazzini - Raw Almonds,12 X 1.25 OZ,$ 1 1.63,,Cannot parse price: ,Fix and re-upload
9,93,SPNU2D,Bazzini - Raw Cashews,12 X 1.25 OZ,$ 1 1.60,,Cannot parse price: ,Fix and re-upload
9,94,SPNU4C,Bazzini - Raw Mixed Nuts,12 X 1.25 OZ,$ 1 1.82,,Cannot parse price: ,Fix and re-upload
9,95,SPNU5BCS,Bazzini - Natural Peanut Butter,12 X 1 LB,$ 5 4.09,,Cannot parse price: ,Fix and re-upload
9,96,SPNU6D,Bazzini - Pecan Supreme,12 X 2 OZ,$ 1 1.63,,Cannot parse price: ,Fix and re-upload
9,97,SPNU8A,Bazzini - Natural Pistachios,12 X 1 LB,$ 1 10.74,,Cannot parse price: ,Fix and re-upload
